<ProtocolRepresentation xmlns:a="http://schemas.microsoft.com/2003/10/Serialization/Arrays" xmlns:cm="http://healthcare.siemens.com/Somaris/Common" xmlns:dm="http://healthcare.siemens.com/Somaris/Domain" xmlns:ec="http://healthcare.siemens.com/Somaris/ExamCommon" xmlns:ex="http://healthcare.siemens.com/Somaris/Exam" xmlns:si="http://healthcare.siemens.com/Somaris/SystemInterface" xmlns:sv="http://healthcare.siemens.com/Somaris/Serv" xmlns:u="http://healthcare.siemens.com/Somaris/Undefined" xmlns:y="http://www.w3.org/2001/XMLSchema" xmlns:i="http://www.w3.org/2001/XMLSchema-instance" xmlns="http://healthcare.siemens.com/Somaris/AppCommon">
  <AssociatedClinicalDecisionTreeIdentifiers />
  <AssociatedContrastProtocolIdentifiers />
  <DepartmentalViaTaskflow>MM Reading</DepartmentalViaTaskflow>
  <LicenseFilterID></LicenseFilterID>
  <Metadata>
    <AreAllEntitiesValid>true</AreAllEntitiesValid>
    <ContrastProtocol>Manual</ContrastProtocol>
    <InRoomScannable>true</InRoomScannable>
    <IsCustomized>true</IsCustomized>
    <IsDoseValid>true</IsDoseValid>
    <IsHidden>false</IsHidden>
    <IsInvalidProtocol>false</IsInvalidProtocol>
    <ModificationIdentifier>fdfc4334-71de-421a-aa56-a0e14f26b0f8</ModificationIdentifier>
    <ProtocolCheckinInfo>SPrDUser: SPrDCheckin</ProtocolCheckinInfo>
    <Version>20.0.007.0</Version>
  </Metadata>
  <ProtocolDescription>Vuxenprotokoll.</ProtocolDescription>
  <ProtocolIdentifier>
    <Value>BE9D929A-18B2-4DD9-B0F5-0B8DC78387E6</Value>
  </ProtocolIdentifier>
  <ProtocolModality>CT</ProtocolModality>
  <ProtocolName>1.01 Hjärna (N)</ProtocolName>
  <ScanRepresentations>
    <ScanRepresentation i:type="TopoScanRepresentation">
      <BasicScanModeKeyWords>
        <a:string>Scanplanning</a:string>
        <a:string>Topo</a:string>
        <a:string>Adult</a:string>
        <a:string>Quantum</a:string>
        <a:string>Sn</a:string>
      </BasicScanModeKeyWords>
      <IsCountingModel>true</IsCountingModel>
      <IsDiagnosticRange>false</IsDiagnosticRange>
      <IsExcludable>true</IsExcludable>
      <IsIncluded>true</IsIncluded>
      <ReconRepresentations>
        <ReconRepresentation i:type="CTReconRepresentation">
          <CompoundReconType>IStandardReconCompound</CompoundReconType>
          <ExtensionData>
            <a:KeyValueOfstringanyType>
              <a:Key>CT.Exam.Recon.Ext.AppCommon.PacsReadyReconRepresentationCreatorExtension</a:Key>
              <a:Value i:type="y:string">noPacsReadyReconTypeId F349C8D9-59C4-433E-8EEC-A4EA12F890DC</a:Value>
            </a:KeyValueOfstringanyType>
          </ExtensionData>
          <IsAutoReconstruction>false</IsAutoReconstruction>
          <IsUserRecon>true</IsUserRecon>
          <ViewingCenter>100</ViewingCenter>
          <ViewingCenterList i:nil="true" />
          <ViewingWidth>800</ViewingWidth>
          <ImageOrientationList xmlns:d6p1="http://schemas.datacontract.org/2004/07/H.Common.DataTypes.Contract.Medical">
            <d6p1:ImageOrientation>Sagittal</d6p1:ImageOrientation>
          </ImageOrientationList>
          <IsDirectDE>false</IsDirectDE>
          <IsFixAxial>false</IsFixAxial>
          <IsOnlineRecon>true</IsOnlineRecon>
          <KernelList>
            <a:string>Tx20</a:string>
          </KernelList>
          <ReconstructedEnergySpectra i:nil="true" />
        </ReconRepresentation>
      </ReconRepresentations>
      <ScanName>Topogram</ScanName>
      <OrganCharacteristics>Head</OrganCharacteristics>
      <PatientPosition>FaceUpHeadFirst</PatientPosition>
      <TubePositionGantryRelated>Left</TubePositionGantryRelated>
    </ScanRepresentation>
    <ScanRepresentation i:type="TopoScanRepresentation">
      <BasicScanModeKeyWords>
        <a:string>Scanplanning</a:string>
        <a:string>Topo</a:string>
        <a:string>Adult</a:string>
        <a:string>Quantum</a:string>
        <a:string>Sn</a:string>
      </BasicScanModeKeyWords>
      <IsCountingModel>true</IsCountingModel>
      <IsDiagnosticRange>false</IsDiagnosticRange>
      <IsExcludable>true</IsExcludable>
      <IsIncluded>true</IsIncluded>
      <ReconRepresentations>
        <ReconRepresentation i:type="CTReconRepresentation">
          <CompoundReconType>IStandardReconCompound</CompoundReconType>
          <ExtensionData>
            <a:KeyValueOfstringanyType>
              <a:Key>CT.Exam.Recon.Ext.AppCommon.PacsReadyReconRepresentationCreatorExtension</a:Key>
              <a:Value i:type="y:string">noPacsReadyReconTypeId F349C8D9-59C4-433E-8EEC-A4EA12F890DC</a:Value>
            </a:KeyValueOfstringanyType>
          </ExtensionData>
          <IsAutoReconstruction>false</IsAutoReconstruction>
          <IsUserRecon>true</IsUserRecon>
          <ViewingCenter>100</ViewingCenter>
          <ViewingCenterList i:nil="true" />
          <ViewingWidth>800</ViewingWidth>
          <ImageOrientationList xmlns:d6p1="http://schemas.datacontract.org/2004/07/H.Common.DataTypes.Contract.Medical">
            <d6p1:ImageOrientation>Coronal</d6p1:ImageOrientation>
          </ImageOrientationList>
          <IsDirectDE>false</IsDirectDE>
          <IsFixAxial>false</IsFixAxial>
          <IsOnlineRecon>true</IsOnlineRecon>
          <KernelList>
            <a:string>Tx20</a:string>
          </KernelList>
          <ReconstructedEnergySpectra i:nil="true" />
        </ReconRepresentation>
      </ReconRepresentations>
      <ScanName>Topogram</ScanName>
      <OrganCharacteristics>Head</OrganCharacteristics>
      <PatientPosition>FaceUpHeadFirst</PatientPosition>
      <TubePositionGantryRelated>Bottom</TubePositionGantryRelated>
    </ScanRepresentation>
    <ScanRepresentation i:type="CTScanRepresentation">
      <BasicScanModeKeyWords>
        <a:string>Routine</a:string>
        <a:string>Spiral</a:string>
        <a:string>Adult</a:string>
        <a:string>Head</a:string>
        <a:string>Quantumplus</a:string>
      </BasicScanModeKeyWords>
      <IsCountingModel>true</IsCountingModel>
      <IsDiagnosticRange>true</IsDiagnosticRange>
      <IsExcludable>false</IsExcludable>
      <IsIncluded>true</IsIncluded>
      <ReconRepresentations>
        <ReconRepresentation i:type="CTReconRepresentation">
          <CompoundReconType>IStandardReconCompound</CompoundReconType>
          <ExtensionData>
            <a:KeyValueOfstringanyType>
              <a:Key>CT.Exam.Recon.Ext.AppCommon.PacsReadyReconRepresentationCreatorExtension</a:Key>
              <a:Value i:type="y:string">noPacsReadyReconTypeId F349C8D9-59C4-433E-8EEC-A4EA12F890DC</a:Value>
            </a:KeyValueOfstringanyType>
          </ExtensionData>
          <IsAutoReconstruction>false</IsAutoReconstruction>
          <IsUserRecon>true</IsUserRecon>
          <ViewingCenter>35</ViewingCenter>
          <ViewingCenterList i:nil="true" />
          <ViewingWidth>70</ViewingWidth>
          <ImageOrientationList xmlns:d6p1="http://schemas.datacontract.org/2004/07/H.Common.DataTypes.Contract.Medical">
            <d6p1:ImageOrientation>Axial</d6p1:ImageOrientation>
          </ImageOrientationList>
          <IsDirectDE>true</IsDirectDE>
          <IsFixAxial>true</IsFixAxial>
          <IsOnlineRecon>false</IsOnlineRecon>
          <KernelList>
            <a:string>Hr40</a:string>
          </KernelList>
          <ReconstructedEnergySpectra i:nil="true" />
        </ReconRepresentation>
        <ReconRepresentation i:type="CTReconRepresentation">
          <CompoundReconType>IStandardReconCompound</CompoundReconType>
          <ExtensionData>
            <a:KeyValueOfstringanyType>
              <a:Key>CT.Exam.Recon.Ext.AppCommon.PacsReadyReconRepresentationCreatorExtension</a:Key>
              <a:Value i:type="y:string">noPacsReadyReconTypeId F349C8D9-59C4-433E-8EEC-A4EA12F890DC</a:Value>
            </a:KeyValueOfstringanyType>
          </ExtensionData>
          <IsAutoReconstruction>false</IsAutoReconstruction>
          <IsUserRecon>true</IsUserRecon>
          <ViewingCenter>1000</ViewingCenter>
          <ViewingCenterList i:nil="true" />
          <ViewingWidth>3000</ViewingWidth>
          <ImageOrientationList xmlns:d6p1="http://schemas.datacontract.org/2004/07/H.Common.DataTypes.Contract.Medical">
            <d6p1:ImageOrientation>Axial</d6p1:ImageOrientation>
          </ImageOrientationList>
          <IsDirectDE>true</IsDirectDE>
          <IsFixAxial>true</IsFixAxial>
          <IsOnlineRecon>false</IsOnlineRecon>
          <KernelList>
            <a:string>Hr72</a:string>
          </KernelList>
          <ReconstructedEnergySpectra i:nil="true" />
        </ReconRepresentation>
        <ReconRepresentation i:type="CTReconRepresentation">
          <CompoundReconType>IStandardReconCompound</CompoundReconType>
          <ExtensionData>
            <a:KeyValueOfstringanyType>
              <a:Key>CT.Exam.Recon.Ext.AppCommon.PacsReadyReconRepresentationCreatorExtension</a:Key>
              <a:Value i:type="y:string">noPacsReadyReconTypeId F349C8D9-59C4-433E-8EEC-A4EA12F890DC</a:Value>
            </a:KeyValueOfstringanyType>
          </ExtensionData>
          <IsAutoReconstruction>false</IsAutoReconstruction>
          <IsUserRecon>true</IsUserRecon>
          <ViewingCenter>35</ViewingCenter>
          <ViewingCenterList i:nil="true" />
          <ViewingWidth>70</ViewingWidth>
          <ImageOrientationList xmlns:d6p1="http://schemas.datacontract.org/2004/07/H.Common.DataTypes.Contract.Medical">
            <d6p1:ImageOrientation>Axial</d6p1:ImageOrientation>
          </ImageOrientationList>
          <IsDirectDE>true</IsDirectDE>
          <IsFixAxial>true</IsFixAxial>
          <IsOnlineRecon>false</IsOnlineRecon>
          <KernelList>
            <a:string>Qr44</a:string>
          </KernelList>
          <ReconstructedEnergySpectra i:nil="true" />
        </ReconRepresentation>
        <ReconRepresentation i:type="CTReconRepresentation">
          <CompoundReconType>IStandardReconCompound</CompoundReconType>
          <ExtensionData>
            <a:KeyValueOfstringanyType>
              <a:Key>CT.Exam.Recon.Ext.AppCommon.PacsReadyReconRepresentationCreatorExtension</a:Key>
              <a:Value i:type="y:string">noPacsReadyReconTypeId F349C8D9-59C4-433E-8EEC-A4EA12F890DC</a:Value>
            </a:KeyValueOfstringanyType>
          </ExtensionData>
          <IsAutoReconstruction>false</IsAutoReconstruction>
          <IsUserRecon>true</IsUserRecon>
          <ViewingCenter>30</ViewingCenter>
          <ViewingCenterList i:nil="true" />
          <ViewingWidth>90</ViewingWidth>
          <ImageOrientationList xmlns:d6p1="http://schemas.datacontract.org/2004/07/H.Common.DataTypes.Contract.Medical">
            <d6p1:ImageOrientation>Axial</d6p1:ImageOrientation>
          </ImageOrientationList>
          <IsDirectDE>true</IsDirectDE>
          <IsFixAxial>true</IsFixAxial>
          <IsOnlineRecon>false</IsOnlineRecon>
          <KernelList>
            <a:string>Qr44</a:string>
          </KernelList>
          <ReconstructedEnergySpectra i:nil="true" />
        </ReconRepresentation>
      </ReconRepresentations>
      <ScanName>Hjärna_N</ScanName>
      <OrganCharacteristics>Head</OrganCharacteristics>
      <PatientPosition>FaceUpHeadFirst</PatientPosition>
    </ScanRepresentation>
  </ScanRepresentations>
  <TechnicalInformation>-Scan Modes: RoutineSpiralAdultHeadQuantumplus
</TechnicalInformation>
</ProtocolRepresentation>