﻿<?xml version="1.0" encoding="utf-8"?>
<VirtualFolderCollection xmlns:a="http://schemas.microsoft.com/2003/10/Serialization/Arrays" xmlns:cm="http://healthcare.siemens.com/Somaris/Common" xmlns:dm="http://healthcare.siemens.com/Somaris/Domain" xmlns:ec="http://healthcare.siemens.com/Somaris/ExamCommon" xmlns:ex="http://healthcare.siemens.com/Somaris/Exam" xmlns:si="http://healthcare.siemens.com/Somaris/SystemInterface" xmlns:sv="http://healthcare.siemens.com/Somaris/Serv" xmlns:u="http://healthcare.siemens.com/Somaris/Undefined" xmlns:y="http://www.w3.org/2001/XMLSchema" xmlns:i="http://www.w3.org/2001/XMLSchema-instance" xmlns="http://healthcare.siemens.com/Somaris/AppCommon" xmlns:xsi="http://www.w3.org/2001/XMLSchema-instance">
  <Version>10.0.103.0</Version>
  <CollectionOrder>100</CollectionOrder>
  <VirtualFolderRepresentations>
    <VirtualFolderRepresentation>
      <ProtocolBlockOrder>10</ProtocolBlockOrder>
      <BodySize>Adult</BodySize>
      <FolderName>Head</FolderName>
      <FolderType>AnatomyRegion</FolderType>
      <ProtocolIdentifiers>
        <ProtocolIdentifier>
          <Value>129BDFB0-C999-4732-8650-E7796735DF90</Value>
        </ProtocolIdentifier>
        <ProtocolIdentifier>
          <Value>8EC13653-5806-481F-95A9-091E4DD177D6</Value>
        </ProtocolIdentifier>
        <ProtocolIdentifier>
          <Value>48E7D465-C7FF-4DF5-8F44-44E9F9385D9F</Value>
        </ProtocolIdentifier>
        <ProtocolIdentifier>
          <Value>74568D8B-F227-4CDC-8837-51383DE5E2DA</Value>
        </ProtocolIdentifier>
      </ProtocolIdentifiers>
    </VirtualFolderRepresentation>
  </VirtualFolderRepresentations>
</VirtualFolderCollection>