<ContrastProtocolRepresentation xmlns:a="http://schemas.microsoft.com/2003/10/Serialization/Arrays" xmlns:cm="http://healthcare.siemens.com/Somaris/Common" xmlns:dm="http://healthcare.siemens.com/Somaris/Domain" xmlns:ec="http://healthcare.siemens.com/Somaris/ExamCommon" xmlns:ex="http://healthcare.siemens.com/Somaris/Exam" xmlns:si="http://healthcare.siemens.com/Somaris/SystemInterface" xmlns:sv="http://healthcare.siemens.com/Somaris/Serv" xmlns:u="http://healthcare.siemens.com/Somaris/Undefined" xmlns:y="http://www.w3.org/2001/XMLSchema" xmlns:i="http://www.w3.org/2001/XMLSchema-instance" xmlns="http://healthcare.siemens.com/Somaris/AppCommon">
  <InitialSource>CT</InitialSource>
  <LicenseFilterID></LicenseFilterID>
  <Metadata>
    <IsCustomized>true</IsCustomized>
    <IsInvalidProtocol>false</IsInvalidProtocol>
    <ModificationIdentifier>7c26de79-5962-4984-9fa9-b1ccfea35fe1</ModificationIdentifier>
    <ProtocolCheckinInfo>ProtocolRepositoryImportExportService: Imported</ProtocolCheckinInfo>
  </Metadata>
  <ProtocolDescription></ProtocolDescription>
  <ProtocolDisplayName i:nil="true" />
  <ProtocolIdentifier>
    <Value>341D87B5-BC05-4A51-B6C8-4B02069C3264</Value>
  </ProtocolIdentifier>
  <ProtocolName>Thorax K+A</ProtocolName>
</ContrastProtocolRepresentation>