<ContrastProtocolRepresentation xmlns:a="http://schemas.microsoft.com/2003/10/Serialization/Arrays" xmlns:cm="http://healthcare.siemens.com/Somaris/Common" xmlns:dm="http://healthcare.siemens.com/Somaris/Domain" xmlns:ec="http://healthcare.siemens.com/Somaris/ExamCommon" xmlns:ex="http://healthcare.siemens.com/Somaris/Exam" xmlns:si="http://healthcare.siemens.com/Somaris/SystemInterface" xmlns:sv="http://healthcare.siemens.com/Somaris/Serv" xmlns:u="http://healthcare.siemens.com/Somaris/Undefined" xmlns:y="http://www.w3.org/2001/XMLSchema" xmlns:i="http://www.w3.org/2001/XMLSchema-instance" xmlns="http://healthcare.siemens.com/Somaris/AppCommon">
  <InitialSource>CT</InitialSource>
  <LicenseFilterID></LicenseFilterID>
  <Metadata>
    <IsCustomized>true</IsCustomized>
    <IsInvalidProtocol>false</IsInvalidProtocol>
    <ModificationIdentifier>dc057ea5-c493-4834-ab3e-0a7a68da1846</ModificationIdentifier>
    <ProtocolCheckinInfo>ProtocolRepositoryImportExportService: Imported</ProtocolCheckinInfo>
  </Metadata>
  <ProtocolDescription></ProtocolDescription>
  <ProtocolDisplayName i:nil="true" />
  <ProtocolIdentifier>
    <Value>CC9CDC52-A3EC-4E14-B135-7B5DBE580579</Value>
  </ProtocolIdentifier>
  <ProtocolName>Lungemboli Körning 3.0</ProtocolName>
</ContrastProtocolRepresentation>