<ProtocolRepresentation xmlns:a="http://schemas.microsoft.com/2003/10/Serialization/Arrays" xmlns:cm="http://healthcare.siemens.com/Somaris/Common" xmlns:dm="http://healthcare.siemens.com/Somaris/Domain" xmlns:ec="http://healthcare.siemens.com/Somaris/ExamCommon" xmlns:ex="http://healthcare.siemens.com/Somaris/Exam" xmlns:si="http://healthcare.siemens.com/Somaris/SystemInterface" xmlns:sv="http://healthcare.siemens.com/Somaris/Serv" xmlns:u="http://healthcare.siemens.com/Somaris/Undefined" xmlns:y="http://www.w3.org/2001/XMLSchema" xmlns:i="http://www.w3.org/2001/XMLSchema-instance" xmlns="http://healthcare.siemens.com/Somaris/AppCommon">
  <AssociatedClinicalDecisionTreeIdentifiers />
  <AssociatedContrastProtocolIdentifiers>
    <a:string>CC9CDC52-A3EC-4E14-B135-7B5DBE580579</a:string>
  </AssociatedContrastProtocolIdentifiers>
  <DepartmentalViaTaskflow></DepartmentalViaTaskflow>
  <LicenseFilterID></LicenseFilterID>
  <Metadata>
    <AreAllEntitiesValid>true</AreAllEntitiesValid>
    <ContrastProtocol>Manual</ContrastProtocol>
    <InRoomScannable>true</InRoomScannable>
    <IsCustomized>true</IsCustomized>
    <IsDoseValid>true</IsDoseValid>
    <IsHidden>false</IsHidden>
    <IsInvalidProtocol>false</IsInvalidProtocol>
    <ModificationIdentifier>4cd38172-2d67-4a00-bb3d-d13c7a865f6d</ModificationIdentifier>
    <ProtocolCheckinInfo>SPrDUser: SPrDCheckin</ProtocolCheckinInfo>
    <Version>20.0.007.0</Version>
  </Metadata>
  <ProtocolDescription></ProtocolDescription>
  <ProtocolIdentifier>
    <Value>C5207477-B32A-476D-8017-DD214A14F2EA</Value>
  </ProtocolIdentifier>
  <ProtocolModality>CT</ProtocolModality>
  <ProtocolName>Lungemboli Flash 3.0 - Adrian</ProtocolName>
  <ScanRepresentations>
    <ScanRepresentation i:type="TopoScanRepresentation">
      <BasicScanModeKeyWords>
        <a:string>Scanplanning</a:string>
        <a:string>Topo</a:string>
        <a:string>Adult</a:string>
        <a:string>Quantum</a:string>
        <a:string>Sn</a:string>
      </BasicScanModeKeyWords>
      <IsCountingModel>true</IsCountingModel>
      <IsDiagnosticRange>false</IsDiagnosticRange>
      <IsExcludable>true</IsExcludable>
      <IsIncluded>true</IsIncluded>
      <ReconRepresentations>
        <ReconRepresentation i:type="CTReconRepresentation">
          <CompoundReconType>IStandardReconCompound</CompoundReconType>
          <ExtensionData>
            <a:KeyValueOfstringanyType>
              <a:Key>CT.Exam.Recon.Ext.AppCommon.PacsReadyReconRepresentationCreatorExtension</a:Key>
              <a:Value i:type="y:string">noPacsReadyReconTypeId F349C8D9-59C4-433E-8EEC-A4EA12F890DC</a:Value>
            </a:KeyValueOfstringanyType>
          </ExtensionData>
          <IsAutoReconstruction>false</IsAutoReconstruction>
          <IsUserRecon>true</IsUserRecon>
          <ViewingCenter>50</ViewingCenter>
          <ViewingCenterList i:nil="true" />
          <ViewingWidth>350</ViewingWidth>
          <ImageOrientationList xmlns:d6p1="http://schemas.datacontract.org/2004/07/H.Common.DataTypes.Contract.Medical">
            <d6p1:ImageOrientation>Sagittal</d6p1:ImageOrientation>
          </ImageOrientationList>
          <IsDirectDE>false</IsDirectDE>
          <IsFixAxial>false</IsFixAxial>
          <IsOnlineRecon>true</IsOnlineRecon>
          <KernelList>
            <a:string>Tr20</a:string>
          </KernelList>
          <ReconstructedEnergySpectra i:nil="true" />
        </ReconRepresentation>
      </ReconRepresentations>
      <ScanName>Topogram</ScanName>
      <OrganCharacteristics>Head</OrganCharacteristics>
      <PatientPosition>FaceUpHeadFirst</PatientPosition>
      <TubePositionGantryRelated>Left</TubePositionGantryRelated>
    </ScanRepresentation>
    <ScanRepresentation i:type="TopoScanRepresentation">
      <BasicScanModeKeyWords>
        <a:string>Scanplanning</a:string>
        <a:string>Topo</a:string>
        <a:string>Adult</a:string>
        <a:string>Quantum</a:string>
        <a:string>Sn</a:string>
      </BasicScanModeKeyWords>
      <IsCountingModel>true</IsCountingModel>
      <IsDiagnosticRange>false</IsDiagnosticRange>
      <IsExcludable>true</IsExcludable>
      <IsIncluded>true</IsIncluded>
      <ReconRepresentations>
        <ReconRepresentation i:type="CTReconRepresentation">
          <CompoundReconType>IStandardReconCompound</CompoundReconType>
          <ExtensionData>
            <a:KeyValueOfstringanyType>
              <a:Key>CT.Exam.Recon.Ext.AppCommon.PacsReadyReconRepresentationCreatorExtension</a:Key>
              <a:Value i:type="y:string">noPacsReadyReconTypeId F349C8D9-59C4-433E-8EEC-A4EA12F890DC</a:Value>
            </a:KeyValueOfstringanyType>
          </ExtensionData>
          <IsAutoReconstruction>false</IsAutoReconstruction>
          <IsUserRecon>true</IsUserRecon>
          <ViewingCenter>50</ViewingCenter>
          <ViewingCenterList i:nil="true" />
          <ViewingWidth>350</ViewingWidth>
          <ImageOrientationList xmlns:d6p1="http://schemas.datacontract.org/2004/07/H.Common.DataTypes.Contract.Medical">
            <d6p1:ImageOrientation>Coronal</d6p1:ImageOrientation>
          </ImageOrientationList>
          <IsDirectDE>false</IsDirectDE>
          <IsFixAxial>false</IsFixAxial>
          <IsOnlineRecon>true</IsOnlineRecon>
          <KernelList>
            <a:string>Tr20</a:string>
          </KernelList>
          <ReconstructedEnergySpectra i:nil="true" />
        </ReconRepresentation>
      </ReconRepresentations>
      <ScanName>Topogram</ScanName>
      <OrganCharacteristics>Head</OrganCharacteristics>
      <PatientPosition>FaceUpHeadFirst</PatientPosition>
      <TubePositionGantryRelated>Bottom</TubePositionGantryRelated>
    </ScanRepresentation>
    <ScanRepresentation i:type="CTScanRepresentation">
      <BasicScanModeKeyWords>
        <a:string>Premonitoring</a:string>
        <a:string>Sequence</a:string>
        <a:string>Adult</a:string>
        <a:string>Quantum</a:string>
        <a:string>2d</a:string>
      </BasicScanModeKeyWords>
      <IsCountingModel>true</IsCountingModel>
      <IsDiagnosticRange>false</IsDiagnosticRange>
      <IsExcludable>false</IsExcludable>
      <IsIncluded>true</IsIncluded>
      <ReconRepresentations>
        <ReconRepresentation i:type="CTReconRepresentation">
          <CompoundReconType>IStandardReconCompound</CompoundReconType>
          <ExtensionData>
            <a:KeyValueOfstringanyType>
              <a:Key>CT.Exam.Recon.Ext.AppCommon.PacsReadyReconRepresentationCreatorExtension</a:Key>
              <a:Value i:type="y:string">noPacsReadyReconTypeId F349C8D9-59C4-433E-8EEC-A4EA12F890DC</a:Value>
            </a:KeyValueOfstringanyType>
          </ExtensionData>
          <IsAutoReconstruction>false</IsAutoReconstruction>
          <IsUserRecon>true</IsUserRecon>
          <ViewingCenter>60</ViewingCenter>
          <ViewingCenterList i:nil="true" />
          <ViewingWidth>450</ViewingWidth>
          <ImageOrientationList xmlns:d6p1="http://schemas.datacontract.org/2004/07/H.Common.DataTypes.Contract.Medical">
            <d6p1:ImageOrientation>Axial</d6p1:ImageOrientation>
          </ImageOrientationList>
          <IsDirectDE>false</IsDirectDE>
          <IsFixAxial>true</IsFixAxial>
          <IsOnlineRecon>true</IsOnlineRecon>
          <KernelList>
            <a:string>Br36</a:string>
          </KernelList>
          <ReconstructedEnergySpectra i:nil="true" />
        </ReconRepresentation>
      </ReconRepresentations>
      <ScanName>Premonitoring</ScanName>
      <OrganCharacteristics>AngioBody</OrganCharacteristics>
      <PatientPosition>FaceUpHeadFirst</PatientPosition>
    </ScanRepresentation>
    <ScanRepresentation i:type="CTScanRepresentation">
      <BasicScanModeKeyWords>
        <a:string>Monitoring</a:string>
        <a:string>Sequence</a:string>
        <a:string>Adult</a:string>
        <a:string>Quantum</a:string>
        <a:string>2d</a:string>
      </BasicScanModeKeyWords>
      <IsCountingModel>true</IsCountingModel>
      <IsDiagnosticRange>false</IsDiagnosticRange>
      <IsExcludable>false</IsExcludable>
      <IsIncluded>true</IsIncluded>
      <ReconRepresentations>
        <ReconRepresentation i:type="CTReconRepresentation">
          <CompoundReconType>IStandardReconCompound</CompoundReconType>
          <ExtensionData>
            <a:KeyValueOfstringanyType>
              <a:Key>CT.Exam.Recon.Ext.AppCommon.PacsReadyReconRepresentationCreatorExtension</a:Key>
              <a:Value i:type="y:string">noPacsReadyReconTypeId F349C8D9-59C4-433E-8EEC-A4EA12F890DC</a:Value>
            </a:KeyValueOfstringanyType>
          </ExtensionData>
          <IsAutoReconstruction>false</IsAutoReconstruction>
          <IsUserRecon>true</IsUserRecon>
          <ViewingCenter>60</ViewingCenter>
          <ViewingCenterList i:nil="true" />
          <ViewingWidth>450</ViewingWidth>
          <ImageOrientationList xmlns:d6p1="http://schemas.datacontract.org/2004/07/H.Common.DataTypes.Contract.Medical">
            <d6p1:ImageOrientation>Axial</d6p1:ImageOrientation>
          </ImageOrientationList>
          <IsDirectDE>false</IsDirectDE>
          <IsFixAxial>true</IsFixAxial>
          <IsOnlineRecon>true</IsOnlineRecon>
          <KernelList>
            <a:string>Br36</a:string>
          </KernelList>
          <ReconstructedEnergySpectra i:nil="true" />
        </ReconRepresentation>
      </ReconRepresentations>
      <ScanName>Monitoring</ScanName>
      <OrganCharacteristics>AngioBody</OrganCharacteristics>
      <PatientPosition>FaceUpHeadFirst</PatientPosition>
    </ScanRepresentation>
    <ScanRepresentation i:type="CTScanRepresentation">
      <BasicScanModeKeyWords>
        <a:string>Routine</a:string>
        <a:string>Flash</a:string>
        <a:string>Spiral</a:string>
        <a:string>Adult</a:string>
        <a:string>Angio</a:string>
        <a:string>Body</a:string>
        <a:string>Quantumplus</a:string>
      </BasicScanModeKeyWords>
      <IsCountingModel>true</IsCountingModel>
      <IsDiagnosticRange>true</IsDiagnosticRange>
      <IsExcludable>false</IsExcludable>
      <IsIncluded>true</IsIncluded>
      <ReconRepresentations>
        <ReconRepresentation i:type="CTReconRepresentation">
          <CompoundReconType>IStandardReconCompound</CompoundReconType>
          <ExtensionData>
            <a:KeyValueOfstringanyType>
              <a:Key>CT.Exam.Recon.Ext.AppCommon.PacsReadyReconRepresentationCreatorExtension</a:Key>
              <a:Value i:type="y:string">noPacsReadyReconTypeId F349C8D9-59C4-433E-8EEC-A4EA12F890DC</a:Value>
            </a:KeyValueOfstringanyType>
          </ExtensionData>
          <IsAutoReconstruction>false</IsAutoReconstruction>
          <IsUserRecon>true</IsUserRecon>
          <ViewingCenter>100</ViewingCenter>
          <ViewingCenterList i:nil="true" />
          <ViewingWidth>600</ViewingWidth>
          <ImageOrientationList xmlns:d6p1="http://schemas.datacontract.org/2004/07/H.Common.DataTypes.Contract.Medical">
            <d6p1:ImageOrientation>Axial</d6p1:ImageOrientation>
          </ImageOrientationList>
          <IsDirectDE>true</IsDirectDE>
          <IsFixAxial>true</IsFixAxial>
          <IsOnlineRecon>false</IsOnlineRecon>
          <KernelList>
            <a:string>Qr44</a:string>
          </KernelList>
          <ReconstructedEnergySpectra i:nil="true" />
        </ReconRepresentation>
        <ReconRepresentation i:type="CTReconRepresentation">
          <CompoundReconType>IStandardReconCompound</CompoundReconType>
          <ExtensionData>
            <a:KeyValueOfstringanyType>
              <a:Key>CT.Exam.Recon.Ext.AppCommon.PacsReadyReconRepresentationCreatorExtension</a:Key>
              <a:Value i:type="y:string">noPacsReadyReconTypeId F349C8D9-59C4-433E-8EEC-A4EA12F890DC</a:Value>
            </a:KeyValueOfstringanyType>
          </ExtensionData>
          <IsAutoReconstruction>false</IsAutoReconstruction>
          <IsUserRecon>true</IsUserRecon>
          <ViewingCenter>-400</ViewingCenter>
          <ViewingCenterList i:nil="true" />
          <ViewingWidth>1600</ViewingWidth>
          <ImageOrientationList xmlns:d6p1="http://schemas.datacontract.org/2004/07/H.Common.DataTypes.Contract.Medical">
            <d6p1:ImageOrientation>Axial</d6p1:ImageOrientation>
          </ImageOrientationList>
          <IsDirectDE>true</IsDirectDE>
          <IsFixAxial>true</IsFixAxial>
          <IsOnlineRecon>false</IsOnlineRecon>
          <KernelList>
            <a:string>Bl60</a:string>
          </KernelList>
          <ReconstructedEnergySpectra i:nil="true" />
        </ReconRepresentation>
        <ReconRepresentation i:type="CTReconRepresentation">
          <CompoundReconType>IMultiOrientation3ReconCompound</CompoundReconType>
          <ExtensionData>
            <a:KeyValueOfstringanyType>
              <a:Key>CT.Exam.Recon.Ext.AppCommon.PacsReadyReconRepresentationCreatorExtension</a:Key>
              <a:Value i:type="y:string">noPacsReadyReconTypeId F349C8D9-59C4-433E-8EEC-A4EA12F890DC</a:Value>
            </a:KeyValueOfstringanyType>
          </ExtensionData>
          <IsAutoReconstruction>false</IsAutoReconstruction>
          <IsUserRecon>true</IsUserRecon>
          <ViewingCenter>100</ViewingCenter>
          <ViewingCenterList>
            <a:int>100</a:int>
            <a:int>100</a:int>
            <a:int>100</a:int>
          </ViewingCenterList>
          <ViewingWidth>600</ViewingWidth>
          <ImageOrientationList xmlns:d6p1="http://schemas.datacontract.org/2004/07/H.Common.DataTypes.Contract.Medical">
            <d6p1:ImageOrientation>Axial</d6p1:ImageOrientation>
            <d6p1:ImageOrientation>Coronal</d6p1:ImageOrientation>
            <d6p1:ImageOrientation>Sagittal</d6p1:ImageOrientation>
          </ImageOrientationList>
          <IsDirectDE>true</IsDirectDE>
          <IsFixAxial>false</IsFixAxial>
          <IsOnlineRecon>false</IsOnlineRecon>
          <KernelList>
            <a:string>Qr44</a:string>
            <a:string>Qr44</a:string>
            <a:string>Qr44</a:string>
          </KernelList>
          <ReconstructedEnergySpectra i:nil="true" />
        </ReconRepresentation>
        <ReconRepresentation i:type="CTReconRepresentation">
          <CompoundReconType>IMultiOrientation3ReconCompound</CompoundReconType>
          <ExtensionData>
            <a:KeyValueOfstringanyType>
              <a:Key>CT.Exam.Recon.Ext.AppCommon.PacsReadyReconRepresentationCreatorExtension</a:Key>
              <a:Value i:type="y:string">noPacsReadyReconTypeId F349C8D9-59C4-433E-8EEC-A4EA12F890DC</a:Value>
            </a:KeyValueOfstringanyType>
          </ExtensionData>
          <IsAutoReconstruction>false</IsAutoReconstruction>
          <IsUserRecon>true</IsUserRecon>
          <ViewingCenter>-400</ViewingCenter>
          <ViewingCenterList>
            <a:int>-400</a:int>
            <a:int>-400</a:int>
            <a:int>-400</a:int>
          </ViewingCenterList>
          <ViewingWidth>1600</ViewingWidth>
          <ImageOrientationList xmlns:d6p1="http://schemas.datacontract.org/2004/07/H.Common.DataTypes.Contract.Medical">
            <d6p1:ImageOrientation>Axial</d6p1:ImageOrientation>
            <d6p1:ImageOrientation>Coronal</d6p1:ImageOrientation>
            <d6p1:ImageOrientation>Sagittal</d6p1:ImageOrientation>
          </ImageOrientationList>
          <IsDirectDE>true</IsDirectDE>
          <IsFixAxial>false</IsFixAxial>
          <IsOnlineRecon>false</IsOnlineRecon>
          <KernelList>
            <a:string>Bl60</a:string>
            <a:string>Bl60</a:string>
            <a:string>Bl60</a:string>
          </KernelList>
          <ReconstructedEnergySpectra i:nil="true" />
        </ReconRepresentation>
        <ReconRepresentation i:type="CTReconRepresentation">
          <CompoundReconType>IStandardReconCompound</CompoundReconType>
          <ExtensionData>
            <a:KeyValueOfstringanyType>
              <a:Key>CT.Exam.Recon.Ext.AppCommon.PacsReadyReconRepresentationCreatorExtension</a:Key>
              <a:Value i:type="y:string">noPacsReadyReconTypeId F349C8D9-59C4-433E-8EEC-A4EA12F890DC</a:Value>
            </a:KeyValueOfstringanyType>
          </ExtensionData>
          <IsAutoReconstruction>false</IsAutoReconstruction>
          <IsUserRecon>true</IsUserRecon>
          <ViewingCenter>-400</ViewingCenter>
          <ViewingCenterList i:nil="true" />
          <ViewingWidth>1600</ViewingWidth>
          <ImageOrientationList xmlns:d6p1="http://schemas.datacontract.org/2004/07/H.Common.DataTypes.Contract.Medical">
            <d6p1:ImageOrientation>Axial</d6p1:ImageOrientation>
          </ImageOrientationList>
          <IsDirectDE>true</IsDirectDE>
          <IsFixAxial>true</IsFixAxial>
          <IsOnlineRecon>false</IsOnlineRecon>
          <KernelList>
            <a:string>Bl60</a:string>
          </KernelList>
          <ReconstructedEnergySpectra i:nil="true" />
        </ReconRepresentation>
        <ReconRepresentation i:type="CTReconRepresentation">
          <CompoundReconType>IMultiOrientation2ReconCompound</CompoundReconType>
          <ExtensionData>
            <a:KeyValueOfstringanyType>
              <a:Key>CT.Exam.Recon.Ext.AppCommon.PacsReadyReconRepresentationCreatorExtension</a:Key>
              <a:Value i:type="y:string">noPacsReadyReconTypeId F349C8D9-59C4-433E-8EEC-A4EA12F890DC</a:Value>
            </a:KeyValueOfstringanyType>
          </ExtensionData>
          <IsAutoReconstruction>false</IsAutoReconstruction>
          <IsUserRecon>true</IsUserRecon>
          <ViewingCenter>30</ViewingCenter>
          <ViewingCenterList>
            <a:int>30</a:int>
            <a:int>30</a:int>
          </ViewingCenterList>
          <ViewingWidth>90</ViewingWidth>
          <ImageOrientationList xmlns:d6p1="http://schemas.datacontract.org/2004/07/H.Common.DataTypes.Contract.Medical">
            <d6p1:ImageOrientation>Axial</d6p1:ImageOrientation>
            <d6p1:ImageOrientation>Sagittal</d6p1:ImageOrientation>
          </ImageOrientationList>
          <IsDirectDE>true</IsDirectDE>
          <IsFixAxial>false</IsFixAxial>
          <IsOnlineRecon>false</IsOnlineRecon>
          <KernelList>
            <a:string>Qr44</a:string>
            <a:string>Qr44</a:string>
          </KernelList>
          <ReconstructedEnergySpectra i:nil="true" />
        </ReconRepresentation>
        <ReconRepresentation i:type="CTReconRepresentation">
          <CompoundReconType>IStandardReconCompound</CompoundReconType>
          <ExtensionData>
            <a:KeyValueOfstringanyType>
              <a:Key>CT.Exam.Recon.Ext.AppCommon.PacsReadyReconRepresentationCreatorExtension</a:Key>
              <a:Value i:type="y:string">noPacsReadyReconTypeId F349C8D9-59C4-433E-8EEC-A4EA12F890DC</a:Value>
            </a:KeyValueOfstringanyType>
          </ExtensionData>
          <IsAutoReconstruction>false</IsAutoReconstruction>
          <IsUserRecon>true</IsUserRecon>
          <ViewingCenter>-400</ViewingCenter>
          <ViewingCenterList i:nil="true" />
          <ViewingWidth>1600</ViewingWidth>
          <ImageOrientationList xmlns:d6p1="http://schemas.datacontract.org/2004/07/H.Common.DataTypes.Contract.Medical">
            <d6p1:ImageOrientation>Axial</d6p1:ImageOrientation>
          </ImageOrientationList>
          <IsDirectDE>true</IsDirectDE>
          <IsFixAxial>false</IsFixAxial>
          <IsOnlineRecon>false</IsOnlineRecon>
          <KernelList>
            <a:string>Qr44</a:string>
          </KernelList>
          <ReconstructedEnergySpectra i:nil="true" />
        </ReconRepresentation>
        <ReconRepresentation i:type="CTReconRepresentation">
          <CompoundReconType>IStandardReconCompound</CompoundReconType>
          <ExtensionData>
            <a:KeyValueOfstringanyType>
              <a:Key>CT.Exam.Recon.Ext.AppCommon.PacsReadyReconRepresentationCreatorExtension</a:Key>
              <a:Value i:type="y:string">DE_Spp</a:Value>
            </a:KeyValueOfstringanyType>
            <a:KeyValueOfstringanyType>
              <a:Key>CT.Exam.Recon.Ext.AppCommon.PacsReadyDynamicIconReconRepresentationCreatorExtension</a:Key>
              <a:Value i:type="ex:DynamicIconParameters">
                <ex:KeyValueOfstringanyType>
                  <ex:Key>ApplicationClassNameId</ex:Key>
                  <ex:Value i:type="y:string">DEA_MonoenergeticPlus</ex:Value>
                </ex:KeyValueOfstringanyType>
              </a:Value>
            </a:KeyValueOfstringanyType>
            <a:KeyValueOfstringanyType>
              <a:Key>CT.Exam.Recon.Ext.AppCommon.PacsReadyParametersReconRepresentationCreatorExtension</a:Key>
              <a:Value i:type="ex:PacsReadyReconParameters">
                <ex:KeyValueOfstringstring>
                  <ex:Key>ImageOrientation</ex:Key>
                  <ex:Value>OrientationCardiacFourChamberId</ex:Value>
                </ex:KeyValueOfstringstring>
              </a:Value>
            </a:KeyValueOfstringanyType>
            <a:KeyValueOfstringanyType>
              <a:Key>CT.Exam.Recon.Ext.AppCommon.PacsReadyMultiReconRepresentationCreatorExtension</a:Key>
              <a:Value i:type="ex:PacsReadyMultiReconParameters">
                <ex:KeyValueOfstringArrayOfanyTypety7Ep6D1>
                  <ex:Key>ImageOrientation</ex:Key>
                  <ex:Value>
                    <a:anyType i:type="y:string">OrientationCardiacFourChamberId</a:anyType>
                  </ex:Value>
                </ex:KeyValueOfstringArrayOfanyTypety7Ep6D1>
              </a:Value>
            </a:KeyValueOfstringanyType>
          </ExtensionData>
          <IsAutoReconstruction>false</IsAutoReconstruction>
          <IsUserRecon>true</IsUserRecon>
          <ViewingCenter>-400</ViewingCenter>
          <ViewingCenterList i:nil="true" />
          <ViewingWidth>1600</ViewingWidth>
          <ImageOrientationList xmlns:d6p1="http://schemas.datacontract.org/2004/07/H.Common.DataTypes.Contract.Medical">
            <d6p1:ImageOrientation>Axial</d6p1:ImageOrientation>
          </ImageOrientationList>
          <IsDirectDE>false</IsDirectDE>
          <IsFixAxial>true</IsFixAxial>
          <IsOnlineRecon>false</IsOnlineRecon>
          <KernelList>
            <a:string>Qr44</a:string>
          </KernelList>
          <ReconstructedEnergySpectra i:nil="true" />
        </ReconRepresentation>
        <ReconRepresentation i:type="CTReconRepresentation">
          <CompoundReconType>IStandardReconCompound</CompoundReconType>
          <ExtensionData>
            <a:KeyValueOfstringanyType>
              <a:Key>CT.Exam.Recon.Ext.AppCommon.PacsReadyReconRepresentationCreatorExtension</a:Key>
              <a:Value i:type="y:string">noPacsReadyReconTypeId F349C8D9-59C4-433E-8EEC-A4EA12F890DC</a:Value>
            </a:KeyValueOfstringanyType>
          </ExtensionData>
          <IsAutoReconstruction>false</IsAutoReconstruction>
          <IsUserRecon>true</IsUserRecon>
          <ViewingCenter>-400</ViewingCenter>
          <ViewingCenterList i:nil="true" />
          <ViewingWidth>1600</ViewingWidth>
          <ImageOrientationList xmlns:d6p1="http://schemas.datacontract.org/2004/07/H.Common.DataTypes.Contract.Medical">
            <d6p1:ImageOrientation>Axial</d6p1:ImageOrientation>
          </ImageOrientationList>
          <IsDirectDE>true</IsDirectDE>
          <IsFixAxial>true</IsFixAxial>
          <IsOnlineRecon>false</IsOnlineRecon>
          <KernelList>
            <a:string>Qr60</a:string>
          </KernelList>
          <ReconstructedEnergySpectra i:nil="true" />
        </ReconRepresentation>
        <ReconRepresentation i:type="CTReconRepresentation">
          <CompoundReconType>IStandardReconCompound</CompoundReconType>
          <ExtensionData>
            <a:KeyValueOfstringanyType>
              <a:Key>CT.Exam.Recon.Ext.AppCommon.PacsReadyReconRepresentationCreatorExtension</a:Key>
              <a:Value i:type="y:string">noPacsReadyReconTypeId F349C8D9-59C4-433E-8EEC-A4EA12F890DC</a:Value>
            </a:KeyValueOfstringanyType>
          </ExtensionData>
          <IsAutoReconstruction>false</IsAutoReconstruction>
          <IsUserRecon>true</IsUserRecon>
          <ViewingCenter>-1000</ViewingCenter>
          <ViewingCenterList i:nil="true" />
          <ViewingWidth>4000</ViewingWidth>
          <ImageOrientationList xmlns:d6p1="http://schemas.datacontract.org/2004/07/H.Common.DataTypes.Contract.Medical">
            <d6p1:ImageOrientation>Axial</d6p1:ImageOrientation>
          </ImageOrientationList>
          <IsDirectDE>true</IsDirectDE>
          <IsFixAxial>true</IsFixAxial>
          <IsOnlineRecon>false</IsOnlineRecon>
          <KernelList>
            <a:string>Qr60</a:string>
          </KernelList>
          <ReconstructedEnergySpectra i:nil="true" />
        </ReconRepresentation>
        <ReconRepresentation i:type="CTReconRepresentation">
          <CompoundReconType>IStandardReconCompound</CompoundReconType>
          <ExtensionData>
            <a:KeyValueOfstringanyType>
              <a:Key>CT.Exam.Recon.Ext.AppCommon.PacsReadyReconRepresentationCreatorExtension</a:Key>
              <a:Value i:type="y:string">noPacsReadyReconTypeId F349C8D9-59C4-433E-8EEC-A4EA12F890DC</a:Value>
            </a:KeyValueOfstringanyType>
          </ExtensionData>
          <IsAutoReconstruction>false</IsAutoReconstruction>
          <IsUserRecon>true</IsUserRecon>
          <ViewingCenter>-1000</ViewingCenter>
          <ViewingCenterList i:nil="true" />
          <ViewingWidth>4000</ViewingWidth>
          <ImageOrientationList xmlns:d6p1="http://schemas.datacontract.org/2004/07/H.Common.DataTypes.Contract.Medical">
            <d6p1:ImageOrientation>Axial</d6p1:ImageOrientation>
          </ImageOrientationList>
          <IsDirectDE>true</IsDirectDE>
          <IsFixAxial>true</IsFixAxial>
          <IsOnlineRecon>false</IsOnlineRecon>
          <KernelList>
            <a:string>Qr60</a:string>
          </KernelList>
          <ReconstructedEnergySpectra i:nil="true" />
        </ReconRepresentation>
        <ReconRepresentation i:type="CTReconRepresentation">
          <CompoundReconType>IStandardReconCompound</CompoundReconType>
          <ExtensionData>
            <a:KeyValueOfstringanyType>
              <a:Key>CT.Exam.Recon.Ext.AppCommon.PacsReadyReconRepresentationCreatorExtension</a:Key>
              <a:Value i:type="y:string">noPacsReadyReconTypeId F349C8D9-59C4-433E-8EEC-A4EA12F890DC</a:Value>
            </a:KeyValueOfstringanyType>
          </ExtensionData>
          <IsAutoReconstruction>false</IsAutoReconstruction>
          <IsUserRecon>true</IsUserRecon>
          <ViewingCenter>-1000</ViewingCenter>
          <ViewingCenterList i:nil="true" />
          <ViewingWidth>4000</ViewingWidth>
          <ImageOrientationList xmlns:d6p1="http://schemas.datacontract.org/2004/07/H.Common.DataTypes.Contract.Medical">
            <d6p1:ImageOrientation>Axial</d6p1:ImageOrientation>
          </ImageOrientationList>
          <IsDirectDE>true</IsDirectDE>
          <IsFixAxial>true</IsFixAxial>
          <IsOnlineRecon>false</IsOnlineRecon>
          <KernelList>
            <a:string>Qr60</a:string>
          </KernelList>
          <ReconstructedEnergySpectra i:nil="true" />
        </ReconRepresentation>
      </ReconRepresentations>
      <ScanName>Lungemboli Fl</ScanName>
      <OrganCharacteristics>AngioBody</OrganCharacteristics>
      <PatientPosition>FaceUpHeadFirst</PatientPosition>
    </ScanRepresentation>
  </ScanRepresentations>
  <TechnicalInformation>-Scan Modes: PremonitoringSequenceAdultQuantum2d, MonitoringSequenceAdultQuantum2d, RoutineFlashSpiralAdultAngioBodyQuantumplus
-Contrast Protocols: Lungemboli Körning 3.0
</TechnicalInformation>
</ProtocolRepresentation>