<ProtocolRepresentation xmlns:a="http://schemas.microsoft.com/2003/10/Serialization/Arrays" xmlns:cm="http://healthcare.siemens.com/Somaris/Common" xmlns:dm="http://healthcare.siemens.com/Somaris/Domain" xmlns:ec="http://healthcare.siemens.com/Somaris/ExamCommon" xmlns:ex="http://healthcare.siemens.com/Somaris/Exam" xmlns:si="http://healthcare.siemens.com/Somaris/SystemInterface" xmlns:sv="http://healthcare.siemens.com/Somaris/Serv" xmlns:u="http://healthcare.siemens.com/Somaris/Undefined" xmlns:y="http://www.w3.org/2001/XMLSchema" xmlns:i="http://www.w3.org/2001/XMLSchema-instance" xmlns="http://healthcare.siemens.com/Somaris/AppCommon">
  <AssociatedClinicalDecisionTreeIdentifiers />
  <AssociatedContrastProtocolIdentifiers />
  <DepartmentalViaTaskflow></DepartmentalViaTaskflow>
  <LicenseFilterID></LicenseFilterID>
  <Metadata>
    <AreAllEntitiesValid>true</AreAllEntitiesValid>
    <ContrastProtocol>Manual</ContrastProtocol>
    <InRoomScannable>true</InRoomScannable>
    <IsCustomized>true</IsCustomized>
    <IsDoseValid>true</IsDoseValid>
    <IsHidden>false</IsHidden>
    <IsInvalidProtocol>false</IsInvalidProtocol>
    <ModificationIdentifier>51680e16-c2f7-4a56-803b-34ffa5c8305f</ModificationIdentifier>
    <ProtocolCheckinInfo>SPrDUser: SPrDCheckin</ProtocolCheckinInfo>
    <Version>20.0.007.0</Version>
  </Metadata>
  <ProtocolDescription></ProtocolDescription>
  <ProtocolIdentifier>
    <Value>03498A68-099D-4115-90DC-1A054CB87913</Value>
  </ProtocolIdentifier>
  <ProtocolModality>CT</ProtocolModality>
  <ProtocolName>Thorax N Insp Flash+Exp Flash - Adrian</ProtocolName>
  <ScanRepresentations>
    <ScanRepresentation i:type="TopoScanRepresentation">
      <BasicScanModeKeyWords>
        <a:string>Scanplanning</a:string>
        <a:string>Topo</a:string>
        <a:string>Adult</a:string>
        <a:string>Quantum</a:string>
        <a:string>Sn</a:string>
      </BasicScanModeKeyWords>
      <IsCountingModel>true</IsCountingModel>
      <IsDiagnosticRange>false</IsDiagnosticRange>
      <IsExcludable>true</IsExcludable>
      <IsIncluded>true</IsIncluded>
      <ReconRepresentations>
        <ReconRepresentation i:type="CTReconRepresentation">
          <CompoundReconType>IStandardReconCompound</CompoundReconType>
          <ExtensionData>
            <a:KeyValueOfstringanyType>
              <a:Key>CT.Exam.Recon.Ext.AppCommon.PacsReadyReconRepresentationCreatorExtension</a:Key>
              <a:Value i:type="y:string">noPacsReadyReconTypeId F349C8D9-59C4-433E-8EEC-A4EA12F890DC</a:Value>
            </a:KeyValueOfstringanyType>
          </ExtensionData>
          <IsAutoReconstruction>false</IsAutoReconstruction>
          <IsUserRecon>true</IsUserRecon>
          <ViewingCenter>50</ViewingCenter>
          <ViewingCenterList i:nil="true" />
          <ViewingWidth>350</ViewingWidth>
          <ImageOrientationList xmlns:d6p1="http://schemas.datacontract.org/2004/07/H.Common.DataTypes.Contract.Medical">
            <d6p1:ImageOrientation>Coronal</d6p1:ImageOrientation>
          </ImageOrientationList>
          <IsDirectDE>false</IsDirectDE>
          <IsFixAxial>false</IsFixAxial>
          <IsOnlineRecon>true</IsOnlineRecon>
          <KernelList>
            <a:string>Tr20</a:string>
          </KernelList>
          <ReconstructedEnergySpectra i:nil="true" />
        </ReconRepresentation>
      </ReconRepresentations>
      <ScanName>Topogram</ScanName>
      <OrganCharacteristics>Head</OrganCharacteristics>
      <PatientPosition>FaceUpFeetFirst</PatientPosition>
      <TubePositionGantryRelated>Top</TubePositionGantryRelated>
    </ScanRepresentation>
    <ScanRepresentation i:type="CTScanRepresentation">
      <BasicScanModeKeyWords>
        <a:string>Routine</a:string>
        <a:string>Flash</a:string>
        <a:string>Spiral</a:string>
        <a:string>Adult</a:string>
        <a:string>Thorax</a:string>
        <a:string>Quantumplus</a:string>
      </BasicScanModeKeyWords>
      <IsCountingModel>true</IsCountingModel>
      <IsDiagnosticRange>true</IsDiagnosticRange>
      <IsExcludable>false</IsExcludable>
      <IsIncluded>true</IsIncluded>
      <ReconRepresentations>
        <ReconRepresentation i:type="CTReconRepresentation">
          <CompoundReconType>IMultiImpression2ReconCompound</CompoundReconType>
          <ExtensionData>
            <a:KeyValueOfstringanyType>
              <a:Key>CT.Exam.Recon.Ext.AppCommon.PacsReadyReconRepresentationCreatorExtension</a:Key>
              <a:Value i:type="y:string">noPacsReadyReconTypeId F349C8D9-59C4-433E-8EEC-A4EA12F890DC</a:Value>
            </a:KeyValueOfstringanyType>
          </ExtensionData>
          <IsAutoReconstruction>false</IsAutoReconstruction>
          <IsUserRecon>true</IsUserRecon>
          <ViewingCenter>-400</ViewingCenter>
          <ViewingCenterList>
            <a:int>-400</a:int>
            <a:int>100</a:int>
          </ViewingCenterList>
          <ViewingWidth>1600</ViewingWidth>
          <ImageOrientationList xmlns:d6p1="http://schemas.datacontract.org/2004/07/H.Common.DataTypes.Contract.Medical">
            <d6p1:ImageOrientation>Axial</d6p1:ImageOrientation>
            <d6p1:ImageOrientation>Axial</d6p1:ImageOrientation>
          </ImageOrientationList>
          <IsDirectDE>true</IsDirectDE>
          <IsFixAxial>false</IsFixAxial>
          <IsOnlineRecon>false</IsOnlineRecon>
          <KernelList>
            <a:string>Bl60</a:string>
            <a:string>Br40</a:string>
          </KernelList>
          <ReconstructedEnergySpectra i:nil="true" />
        </ReconRepresentation>
        <ReconRepresentation i:type="CTReconRepresentation">
          <CompoundReconType>IMultiOrientation2ReconCompound</CompoundReconType>
          <ExtensionData>
            <a:KeyValueOfstringanyType>
              <a:Key>CT.Exam.Recon.Ext.AppCommon.PacsReadyReconRepresentationCreatorExtension</a:Key>
              <a:Value i:type="y:string">noPacsReadyReconTypeId F349C8D9-59C4-433E-8EEC-A4EA12F890DC</a:Value>
            </a:KeyValueOfstringanyType>
          </ExtensionData>
          <IsAutoReconstruction>false</IsAutoReconstruction>
          <IsUserRecon>true</IsUserRecon>
          <ViewingCenter>-400</ViewingCenter>
          <ViewingCenterList>
            <a:int>-400</a:int>
            <a:int>-400</a:int>
          </ViewingCenterList>
          <ViewingWidth>1600</ViewingWidth>
          <ImageOrientationList xmlns:d6p1="http://schemas.datacontract.org/2004/07/H.Common.DataTypes.Contract.Medical">
            <d6p1:ImageOrientation>Coronal</d6p1:ImageOrientation>
            <d6p1:ImageOrientation>Sagittal</d6p1:ImageOrientation>
          </ImageOrientationList>
          <IsDirectDE>true</IsDirectDE>
          <IsFixAxial>false</IsFixAxial>
          <IsOnlineRecon>false</IsOnlineRecon>
          <KernelList>
            <a:string>Bl60</a:string>
            <a:string>Bl60</a:string>
          </KernelList>
          <ReconstructedEnergySpectra i:nil="true" />
        </ReconRepresentation>
        <ReconRepresentation i:type="CTReconRepresentation">
          <CompoundReconType>IMultiImpression2ReconCompound</CompoundReconType>
          <ExtensionData>
            <a:KeyValueOfstringanyType>
              <a:Key>CT.Exam.Recon.Ext.AppCommon.PacsReadyReconRepresentationCreatorExtension</a:Key>
              <a:Value i:type="y:string">noPacsReadyReconTypeId F349C8D9-59C4-433E-8EEC-A4EA12F890DC</a:Value>
            </a:KeyValueOfstringanyType>
          </ExtensionData>
          <IsAutoReconstruction>false</IsAutoReconstruction>
          <IsUserRecon>true</IsUserRecon>
          <ViewingCenter>-400</ViewingCenter>
          <ViewingCenterList>
            <a:int>-400</a:int>
            <a:int>100</a:int>
          </ViewingCenterList>
          <ViewingWidth>1600</ViewingWidth>
          <ImageOrientationList xmlns:d6p1="http://schemas.datacontract.org/2004/07/H.Common.DataTypes.Contract.Medical">
            <d6p1:ImageOrientation>Axial</d6p1:ImageOrientation>
            <d6p1:ImageOrientation>Axial</d6p1:ImageOrientation>
          </ImageOrientationList>
          <IsDirectDE>true</IsDirectDE>
          <IsFixAxial>true</IsFixAxial>
          <IsOnlineRecon>false</IsOnlineRecon>
          <KernelList>
            <a:string>Bl60</a:string>
            <a:string>Br40</a:string>
          </KernelList>
          <ReconstructedEnergySpectra i:nil="true" />
        </ReconRepresentation>
        <ReconRepresentation i:type="CTReconRepresentation">
          <CompoundReconType>IStandardReconCompound</CompoundReconType>
          <ExtensionData>
            <a:KeyValueOfstringanyType>
              <a:Key>CT.Exam.Recon.Ext.AppCommon.PacsReadyReconRepresentationCreatorExtension</a:Key>
              <a:Value i:type="y:string">DE_Spp</a:Value>
            </a:KeyValueOfstringanyType>
            <a:KeyValueOfstringanyType>
              <a:Key>CT.Exam.Recon.Ext.AppCommon.PacsReadyDynamicIconReconRepresentationCreatorExtension</a:Key>
              <a:Value i:type="ex:DynamicIconParameters">
                <ex:KeyValueOfstringanyType>
                  <ex:Key>ApplicationClassNameId</ex:Key>
                  <ex:Value i:type="y:string">DEA_MonoenergeticPlus</ex:Value>
                </ex:KeyValueOfstringanyType>
              </a:Value>
            </a:KeyValueOfstringanyType>
            <a:KeyValueOfstringanyType>
              <a:Key>CT.Exam.Recon.Ext.AppCommon.PacsReadyParametersReconRepresentationCreatorExtension</a:Key>
              <a:Value i:type="ex:PacsReadyReconParameters">
                <ex:KeyValueOfstringstring>
                  <ex:Key>ImageOrientation</ex:Key>
                  <ex:Value>OrientationCardiacFourChamberId</ex:Value>
                </ex:KeyValueOfstringstring>
              </a:Value>
            </a:KeyValueOfstringanyType>
            <a:KeyValueOfstringanyType>
              <a:Key>CT.Exam.Recon.Ext.AppCommon.PacsReadyMultiReconRepresentationCreatorExtension</a:Key>
              <a:Value i:type="ex:PacsReadyMultiReconParameters">
                <ex:KeyValueOfstringArrayOfanyTypety7Ep6D1>
                  <ex:Key>ImageOrientation</ex:Key>
                  <ex:Value>
                    <a:anyType i:type="y:string">OrientationCardiacFourChamberId</a:anyType>
                  </ex:Value>
                </ex:KeyValueOfstringArrayOfanyTypety7Ep6D1>
              </a:Value>
            </a:KeyValueOfstringanyType>
          </ExtensionData>
          <IsAutoReconstruction>false</IsAutoReconstruction>
          <IsUserRecon>true</IsUserRecon>
          <ViewingCenter>-400</ViewingCenter>
          <ViewingCenterList i:nil="true" />
          <ViewingWidth>1600</ViewingWidth>
          <ImageOrientationList xmlns:d6p1="http://schemas.datacontract.org/2004/07/H.Common.DataTypes.Contract.Medical">
            <d6p1:ImageOrientation>Axial</d6p1:ImageOrientation>
          </ImageOrientationList>
          <IsDirectDE>false</IsDirectDE>
          <IsFixAxial>true</IsFixAxial>
          <IsOnlineRecon>false</IsOnlineRecon>
          <KernelList>
            <a:string>Qr44</a:string>
          </KernelList>
          <ReconstructedEnergySpectra i:nil="true" />
        </ReconRepresentation>
        <ReconRepresentation i:type="CTReconRepresentation">
          <CompoundReconType>IStandardReconCompound</CompoundReconType>
          <ExtensionData>
            <a:KeyValueOfstringanyType>
              <a:Key>CT.Exam.Recon.Ext.AppCommon.PacsReadyReconRepresentationCreatorExtension</a:Key>
              <a:Value i:type="y:string">LungCAD</a:Value>
            </a:KeyValueOfstringanyType>
          </ExtensionData>
          <IsAutoReconstruction>false</IsAutoReconstruction>
          <IsUserRecon>true</IsUserRecon>
          <ViewingCenter>-470</ViewingCenter>
          <ViewingCenterList i:nil="true" />
          <ViewingWidth>1550</ViewingWidth>
          <ImageOrientationList xmlns:d6p1="http://schemas.datacontract.org/2004/07/H.Common.DataTypes.Contract.Medical">
            <d6p1:ImageOrientation>Axial</d6p1:ImageOrientation>
          </ImageOrientationList>
          <IsDirectDE>false</IsDirectDE>
          <IsFixAxial>true</IsFixAxial>
          <IsOnlineRecon>false</IsOnlineRecon>
          <KernelList>
            <a:string>Bl60</a:string>
          </KernelList>
          <ReconstructedEnergySpectra i:nil="true" />
        </ReconRepresentation>
        <ReconRepresentation i:type="CTReconRepresentation">
          <CompoundReconType>IStandardReconCompound</CompoundReconType>
          <ExtensionData>
            <a:KeyValueOfstringanyType>
              <a:Key>CT.Exam.Recon.Ext.AppCommon.PacsReadyReconRepresentationCreatorExtension</a:Key>
              <a:Value i:type="y:string">noPacsReadyReconTypeId F349C8D9-59C4-433E-8EEC-A4EA12F890DC</a:Value>
            </a:KeyValueOfstringanyType>
          </ExtensionData>
          <IsAutoReconstruction>false</IsAutoReconstruction>
          <IsUserRecon>true</IsUserRecon>
          <ViewingCenter>-400</ViewingCenter>
          <ViewingCenterList i:nil="true" />
          <ViewingWidth>1600</ViewingWidth>
          <ImageOrientationList xmlns:d6p1="http://schemas.datacontract.org/2004/07/H.Common.DataTypes.Contract.Medical">
            <d6p1:ImageOrientation>Axial</d6p1:ImageOrientation>
          </ImageOrientationList>
          <IsDirectDE>true</IsDirectDE>
          <IsFixAxial>true</IsFixAxial>
          <IsOnlineRecon>false</IsOnlineRecon>
          <KernelList>
            <a:string>Qr60</a:string>
          </KernelList>
          <ReconstructedEnergySpectra i:nil="true" />
        </ReconRepresentation>
        <ReconRepresentation i:type="CTReconRepresentation">
          <CompoundReconType>IStandardReconCompound</CompoundReconType>
          <ExtensionData>
            <a:KeyValueOfstringanyType>
              <a:Key>CT.Exam.Recon.Ext.AppCommon.PacsReadyReconRepresentationCreatorExtension</a:Key>
              <a:Value i:type="y:string">noPacsReadyReconTypeId F349C8D9-59C4-433E-8EEC-A4EA12F890DC</a:Value>
            </a:KeyValueOfstringanyType>
          </ExtensionData>
          <IsAutoReconstruction>false</IsAutoReconstruction>
          <IsUserRecon>true</IsUserRecon>
          <ViewingCenter>-1000</ViewingCenter>
          <ViewingCenterList i:nil="true" />
          <ViewingWidth>4000</ViewingWidth>
          <ImageOrientationList xmlns:d6p1="http://schemas.datacontract.org/2004/07/H.Common.DataTypes.Contract.Medical">
            <d6p1:ImageOrientation>Axial</d6p1:ImageOrientation>
          </ImageOrientationList>
          <IsDirectDE>true</IsDirectDE>
          <IsFixAxial>true</IsFixAxial>
          <IsOnlineRecon>false</IsOnlineRecon>
          <KernelList>
            <a:string>Qr60</a:string>
          </KernelList>
          <ReconstructedEnergySpectra i:nil="true" />
        </ReconRepresentation>
        <ReconRepresentation i:type="CTReconRepresentation">
          <CompoundReconType>IStandardReconCompound</CompoundReconType>
          <ExtensionData>
            <a:KeyValueOfstringanyType>
              <a:Key>CT.Exam.Recon.Ext.AppCommon.PacsReadyReconRepresentationCreatorExtension</a:Key>
              <a:Value i:type="y:string">noPacsReadyReconTypeId F349C8D9-59C4-433E-8EEC-A4EA12F890DC</a:Value>
            </a:KeyValueOfstringanyType>
          </ExtensionData>
          <IsAutoReconstruction>false</IsAutoReconstruction>
          <IsUserRecon>true</IsUserRecon>
          <ViewingCenter>-1000</ViewingCenter>
          <ViewingCenterList i:nil="true" />
          <ViewingWidth>4000</ViewingWidth>
          <ImageOrientationList xmlns:d6p1="http://schemas.datacontract.org/2004/07/H.Common.DataTypes.Contract.Medical">
            <d6p1:ImageOrientation>Axial</d6p1:ImageOrientation>
          </ImageOrientationList>
          <IsDirectDE>true</IsDirectDE>
          <IsFixAxial>true</IsFixAxial>
          <IsOnlineRecon>false</IsOnlineRecon>
          <KernelList>
            <a:string>Qr60</a:string>
          </KernelList>
          <ReconstructedEnergySpectra i:nil="true" />
        </ReconRepresentation>
        <ReconRepresentation i:type="CTReconRepresentation">
          <CompoundReconType>IStandardReconCompound</CompoundReconType>
          <ExtensionData>
            <a:KeyValueOfstringanyType>
              <a:Key>CT.Exam.Recon.Ext.AppCommon.PacsReadyReconRepresentationCreatorExtension</a:Key>
              <a:Value i:type="y:string">noPacsReadyReconTypeId F349C8D9-59C4-433E-8EEC-A4EA12F890DC</a:Value>
            </a:KeyValueOfstringanyType>
          </ExtensionData>
          <IsAutoReconstruction>false</IsAutoReconstruction>
          <IsUserRecon>true</IsUserRecon>
          <ViewingCenter>-1000</ViewingCenter>
          <ViewingCenterList i:nil="true" />
          <ViewingWidth>4000</ViewingWidth>
          <ImageOrientationList xmlns:d6p1="http://schemas.datacontract.org/2004/07/H.Common.DataTypes.Contract.Medical">
            <d6p1:ImageOrientation>Axial</d6p1:ImageOrientation>
          </ImageOrientationList>
          <IsDirectDE>true</IsDirectDE>
          <IsFixAxial>true</IsFixAxial>
          <IsOnlineRecon>false</IsOnlineRecon>
          <KernelList>
            <a:string>Qr60</a:string>
          </KernelList>
          <ReconstructedEnergySpectra i:nil="true" />
        </ReconRepresentation>
      </ReconRepresentations>
      <ScanName>Thorax Fl Insp</ScanName>
      <OrganCharacteristics>Thorax</OrganCharacteristics>
      <PatientPosition>FaceUpFeetFirst</PatientPosition>
    </ScanRepresentation>
    <ScanRepresentation i:type="CTScanRepresentation">
      <BasicScanModeKeyWords>
        <a:string>Routine</a:string>
        <a:string>Flash</a:string>
        <a:string>Spiral</a:string>
        <a:string>Adult</a:string>
        <a:string>Thorax</a:string>
        <a:string>Quantumplus</a:string>
      </BasicScanModeKeyWords>
      <IsCountingModel>true</IsCountingModel>
      <IsDiagnosticRange>true</IsDiagnosticRange>
      <IsExcludable>false</IsExcludable>
      <IsIncluded>true</IsIncluded>
      <ReconRepresentations>
        <ReconRepresentation i:type="CTReconRepresentation">
          <CompoundReconType>IMultiImpression2ReconCompound</CompoundReconType>
          <ExtensionData>
            <a:KeyValueOfstringanyType>
              <a:Key>CT.Exam.Recon.Ext.AppCommon.PacsReadyReconRepresentationCreatorExtension</a:Key>
              <a:Value i:type="y:string">noPacsReadyReconTypeId F349C8D9-59C4-433E-8EEC-A4EA12F890DC</a:Value>
            </a:KeyValueOfstringanyType>
          </ExtensionData>
          <IsAutoReconstruction>false</IsAutoReconstruction>
          <IsUserRecon>true</IsUserRecon>
          <ViewingCenter>-400</ViewingCenter>
          <ViewingCenterList>
            <a:int>-400</a:int>
            <a:int>100</a:int>
          </ViewingCenterList>
          <ViewingWidth>1600</ViewingWidth>
          <ImageOrientationList xmlns:d6p1="http://schemas.datacontract.org/2004/07/H.Common.DataTypes.Contract.Medical">
            <d6p1:ImageOrientation>Axial</d6p1:ImageOrientation>
            <d6p1:ImageOrientation>Axial</d6p1:ImageOrientation>
          </ImageOrientationList>
          <IsDirectDE>true</IsDirectDE>
          <IsFixAxial>false</IsFixAxial>
          <IsOnlineRecon>false</IsOnlineRecon>
          <KernelList>
            <a:string>Bl60</a:string>
            <a:string>Br40</a:string>
          </KernelList>
          <ReconstructedEnergySpectra i:nil="true" />
        </ReconRepresentation>
        <ReconRepresentation i:type="CTReconRepresentation">
          <CompoundReconType>IMultiOrientation2ReconCompound</CompoundReconType>
          <ExtensionData>
            <a:KeyValueOfstringanyType>
              <a:Key>CT.Exam.Recon.Ext.AppCommon.PacsReadyReconRepresentationCreatorExtension</a:Key>
              <a:Value i:type="y:string">noPacsReadyReconTypeId F349C8D9-59C4-433E-8EEC-A4EA12F890DC</a:Value>
            </a:KeyValueOfstringanyType>
          </ExtensionData>
          <IsAutoReconstruction>false</IsAutoReconstruction>
          <IsUserRecon>true</IsUserRecon>
          <ViewingCenter>-400</ViewingCenter>
          <ViewingCenterList>
            <a:int>-400</a:int>
            <a:int>-400</a:int>
          </ViewingCenterList>
          <ViewingWidth>1600</ViewingWidth>
          <ImageOrientationList xmlns:d6p1="http://schemas.datacontract.org/2004/07/H.Common.DataTypes.Contract.Medical">
            <d6p1:ImageOrientation>Coronal</d6p1:ImageOrientation>
            <d6p1:ImageOrientation>Sagittal</d6p1:ImageOrientation>
          </ImageOrientationList>
          <IsDirectDE>true</IsDirectDE>
          <IsFixAxial>false</IsFixAxial>
          <IsOnlineRecon>false</IsOnlineRecon>
          <KernelList>
            <a:string>Bl60</a:string>
            <a:string>Bl60</a:string>
          </KernelList>
          <ReconstructedEnergySpectra i:nil="true" />
        </ReconRepresentation>
        <ReconRepresentation i:type="CTReconRepresentation">
          <CompoundReconType>IMultiImpression2ReconCompound</CompoundReconType>
          <ExtensionData>
            <a:KeyValueOfstringanyType>
              <a:Key>CT.Exam.Recon.Ext.AppCommon.PacsReadyReconRepresentationCreatorExtension</a:Key>
              <a:Value i:type="y:string">noPacsReadyReconTypeId F349C8D9-59C4-433E-8EEC-A4EA12F890DC</a:Value>
            </a:KeyValueOfstringanyType>
          </ExtensionData>
          <IsAutoReconstruction>false</IsAutoReconstruction>
          <IsUserRecon>true</IsUserRecon>
          <ViewingCenter>-400</ViewingCenter>
          <ViewingCenterList>
            <a:int>-400</a:int>
            <a:int>100</a:int>
          </ViewingCenterList>
          <ViewingWidth>1600</ViewingWidth>
          <ImageOrientationList xmlns:d6p1="http://schemas.datacontract.org/2004/07/H.Common.DataTypes.Contract.Medical">
            <d6p1:ImageOrientation>Axial</d6p1:ImageOrientation>
            <d6p1:ImageOrientation>Axial</d6p1:ImageOrientation>
          </ImageOrientationList>
          <IsDirectDE>true</IsDirectDE>
          <IsFixAxial>true</IsFixAxial>
          <IsOnlineRecon>false</IsOnlineRecon>
          <KernelList>
            <a:string>Bl60</a:string>
            <a:string>Br40</a:string>
          </KernelList>
          <ReconstructedEnergySpectra i:nil="true" />
        </ReconRepresentation>
        <ReconRepresentation i:type="CTReconRepresentation">
          <CompoundReconType>IStandardReconCompound</CompoundReconType>
          <ExtensionData>
            <a:KeyValueOfstringanyType>
              <a:Key>CT.Exam.Recon.Ext.AppCommon.PacsReadyReconRepresentationCreatorExtension</a:Key>
              <a:Value i:type="y:string">DE_Spp</a:Value>
            </a:KeyValueOfstringanyType>
            <a:KeyValueOfstringanyType>
              <a:Key>CT.Exam.Recon.Ext.AppCommon.PacsReadyDynamicIconReconRepresentationCreatorExtension</a:Key>
              <a:Value i:type="ex:DynamicIconParameters">
                <ex:KeyValueOfstringanyType>
                  <ex:Key>ApplicationClassNameId</ex:Key>
                  <ex:Value i:type="y:string">DEA_MonoenergeticPlus</ex:Value>
                </ex:KeyValueOfstringanyType>
              </a:Value>
            </a:KeyValueOfstringanyType>
            <a:KeyValueOfstringanyType>
              <a:Key>CT.Exam.Recon.Ext.AppCommon.PacsReadyParametersReconRepresentationCreatorExtension</a:Key>
              <a:Value i:type="ex:PacsReadyReconParameters">
                <ex:KeyValueOfstringstring>
                  <ex:Key>ImageOrientation</ex:Key>
                  <ex:Value>OrientationCardiacFourChamberId</ex:Value>
                </ex:KeyValueOfstringstring>
              </a:Value>
            </a:KeyValueOfstringanyType>
            <a:KeyValueOfstringanyType>
              <a:Key>CT.Exam.Recon.Ext.AppCommon.PacsReadyMultiReconRepresentationCreatorExtension</a:Key>
              <a:Value i:type="ex:PacsReadyMultiReconParameters">
                <ex:KeyValueOfstringArrayOfanyTypety7Ep6D1>
                  <ex:Key>ImageOrientation</ex:Key>
                  <ex:Value>
                    <a:anyType i:type="y:string">OrientationCardiacFourChamberId</a:anyType>
                  </ex:Value>
                </ex:KeyValueOfstringArrayOfanyTypety7Ep6D1>
              </a:Value>
            </a:KeyValueOfstringanyType>
          </ExtensionData>
          <IsAutoReconstruction>false</IsAutoReconstruction>
          <IsUserRecon>true</IsUserRecon>
          <ViewingCenter>-400</ViewingCenter>
          <ViewingCenterList i:nil="true" />
          <ViewingWidth>1600</ViewingWidth>
          <ImageOrientationList xmlns:d6p1="http://schemas.datacontract.org/2004/07/H.Common.DataTypes.Contract.Medical">
            <d6p1:ImageOrientation>Axial</d6p1:ImageOrientation>
          </ImageOrientationList>
          <IsDirectDE>false</IsDirectDE>
          <IsFixAxial>true</IsFixAxial>
          <IsOnlineRecon>false</IsOnlineRecon>
          <KernelList>
            <a:string>Qr44</a:string>
          </KernelList>
          <ReconstructedEnergySpectra i:nil="true" />
        </ReconRepresentation>
        <ReconRepresentation i:type="CTReconRepresentation">
          <CompoundReconType>IStandardReconCompound</CompoundReconType>
          <ExtensionData>
            <a:KeyValueOfstringanyType>
              <a:Key>CT.Exam.Recon.Ext.AppCommon.PacsReadyReconRepresentationCreatorExtension</a:Key>
              <a:Value i:type="y:string">noPacsReadyReconTypeId F349C8D9-59C4-433E-8EEC-A4EA12F890DC</a:Value>
            </a:KeyValueOfstringanyType>
          </ExtensionData>
          <IsAutoReconstruction>false</IsAutoReconstruction>
          <IsUserRecon>true</IsUserRecon>
          <ViewingCenter>-400</ViewingCenter>
          <ViewingCenterList i:nil="true" />
          <ViewingWidth>1600</ViewingWidth>
          <ImageOrientationList xmlns:d6p1="http://schemas.datacontract.org/2004/07/H.Common.DataTypes.Contract.Medical">
            <d6p1:ImageOrientation>Axial</d6p1:ImageOrientation>
          </ImageOrientationList>
          <IsDirectDE>true</IsDirectDE>
          <IsFixAxial>true</IsFixAxial>
          <IsOnlineRecon>false</IsOnlineRecon>
          <KernelList>
            <a:string>Qr60</a:string>
          </KernelList>
          <ReconstructedEnergySpectra i:nil="true" />
        </ReconRepresentation>
        <ReconRepresentation i:type="CTReconRepresentation">
          <CompoundReconType>IStandardReconCompound</CompoundReconType>
          <ExtensionData>
            <a:KeyValueOfstringanyType>
              <a:Key>CT.Exam.Recon.Ext.AppCommon.PacsReadyReconRepresentationCreatorExtension</a:Key>
              <a:Value i:type="y:string">noPacsReadyReconTypeId F349C8D9-59C4-433E-8EEC-A4EA12F890DC</a:Value>
            </a:KeyValueOfstringanyType>
          </ExtensionData>
          <IsAutoReconstruction>false</IsAutoReconstruction>
          <IsUserRecon>true</IsUserRecon>
          <ViewingCenter>-1000</ViewingCenter>
          <ViewingCenterList i:nil="true" />
          <ViewingWidth>4000</ViewingWidth>
          <ImageOrientationList xmlns:d6p1="http://schemas.datacontract.org/2004/07/H.Common.DataTypes.Contract.Medical">
            <d6p1:ImageOrientation>Axial</d6p1:ImageOrientation>
          </ImageOrientationList>
          <IsDirectDE>true</IsDirectDE>
          <IsFixAxial>true</IsFixAxial>
          <IsOnlineRecon>false</IsOnlineRecon>
          <KernelList>
            <a:string>Qr60</a:string>
          </KernelList>
          <ReconstructedEnergySpectra i:nil="true" />
        </ReconRepresentation>
        <ReconRepresentation i:type="CTReconRepresentation">
          <CompoundReconType>IStandardReconCompound</CompoundReconType>
          <ExtensionData>
            <a:KeyValueOfstringanyType>
              <a:Key>CT.Exam.Recon.Ext.AppCommon.PacsReadyReconRepresentationCreatorExtension</a:Key>
              <a:Value i:type="y:string">noPacsReadyReconTypeId F349C8D9-59C4-433E-8EEC-A4EA12F890DC</a:Value>
            </a:KeyValueOfstringanyType>
          </ExtensionData>
          <IsAutoReconstruction>false</IsAutoReconstruction>
          <IsUserRecon>true</IsUserRecon>
          <ViewingCenter>-1000</ViewingCenter>
          <ViewingCenterList i:nil="true" />
          <ViewingWidth>4000</ViewingWidth>
          <ImageOrientationList xmlns:d6p1="http://schemas.datacontract.org/2004/07/H.Common.DataTypes.Contract.Medical">
            <d6p1:ImageOrientation>Axial</d6p1:ImageOrientation>
          </ImageOrientationList>
          <IsDirectDE>true</IsDirectDE>
          <IsFixAxial>true</IsFixAxial>
          <IsOnlineRecon>false</IsOnlineRecon>
          <KernelList>
            <a:string>Qr60</a:string>
          </KernelList>
          <ReconstructedEnergySpectra i:nil="true" />
        </ReconRepresentation>
        <ReconRepresentation i:type="CTReconRepresentation">
          <CompoundReconType>IStandardReconCompound</CompoundReconType>
          <ExtensionData>
            <a:KeyValueOfstringanyType>
              <a:Key>CT.Exam.Recon.Ext.AppCommon.PacsReadyReconRepresentationCreatorExtension</a:Key>
              <a:Value i:type="y:string">noPacsReadyReconTypeId F349C8D9-59C4-433E-8EEC-A4EA12F890DC</a:Value>
            </a:KeyValueOfstringanyType>
          </ExtensionData>
          <IsAutoReconstruction>false</IsAutoReconstruction>
          <IsUserRecon>true</IsUserRecon>
          <ViewingCenter>-1000</ViewingCenter>
          <ViewingCenterList i:nil="true" />
          <ViewingWidth>4000</ViewingWidth>
          <ImageOrientationList xmlns:d6p1="http://schemas.datacontract.org/2004/07/H.Common.DataTypes.Contract.Medical">
            <d6p1:ImageOrientation>Axial</d6p1:ImageOrientation>
          </ImageOrientationList>
          <IsDirectDE>true</IsDirectDE>
          <IsFixAxial>true</IsFixAxial>
          <IsOnlineRecon>false</IsOnlineRecon>
          <KernelList>
            <a:string>Qr60</a:string>
          </KernelList>
          <ReconstructedEnergySpectra i:nil="true" />
        </ReconRepresentation>
      </ReconRepresentations>
      <ScanName>Thorax Fl Exp</ScanName>
      <OrganCharacteristics>Thorax</OrganCharacteristics>
      <PatientPosition>FaceUpFeetFirst</PatientPosition>
    </ScanRepresentation>
  </ScanRepresentations>
  <TechnicalInformation>-Scan Modes: RoutineFlashSpiralAdultThoraxQuantumplus
</TechnicalInformation>
</ProtocolRepresentation>