﻿<?xml version="1.0" encoding="utf-8"?>
<VirtualFolderCollection xmlns:a="http://schemas.microsoft.com/2003/10/Serialization/Arrays" xmlns:cm="http://healthcare.siemens.com/Somaris/Common" xmlns:dm="http://healthcare.siemens.com/Somaris/Domain" xmlns:ec="http://healthcare.siemens.com/Somaris/ExamCommon" xmlns:ex="http://healthcare.siemens.com/Somaris/Exam" xmlns:si="http://healthcare.siemens.com/Somaris/SystemInterface" xmlns:sv="http://healthcare.siemens.com/Somaris/Serv" xmlns:u="http://healthcare.siemens.com/Somaris/Undefined" xmlns:y="http://www.w3.org/2001/XMLSchema" xmlns:i="http://www.w3.org/2001/XMLSchema-instance" xmlns="http://healthcare.siemens.com/Somaris/AppCommon" xmlns:xsi="http://www.w3.org/2001/XMLSchema-instance">
  <Version>10.0.103.0</Version>
  <CollectionOrder>100</CollectionOrder>
  <VirtualFolderRepresentations>
    <VirtualFolderRepresentation>
      <ProtocolBlockOrder>10</ProtocolBlockOrder>
      <BodySize>Adult</BodySize>
      <FolderName>Head</FolderName>
      <FolderType>AnatomyRegion</FolderType>
      <ProtocolIdentifiers>
        <ProtocolIdentifier>
          <Value>05F07F40-49EA-4CE9-AE09-618B67D45D5C</Value>
        </ProtocolIdentifier>
      </ProtocolIdentifiers>
    </VirtualFolderRepresentation>
  </VirtualFolderRepresentations>
</VirtualFolderCollection>