<ContrastProtocolRepresentation xmlns:a="http://schemas.microsoft.com/2003/10/Serialization/Arrays" xmlns:cm="http://healthcare.siemens.com/Somaris/Common" xmlns:dm="http://healthcare.siemens.com/Somaris/Domain" xmlns:ec="http://healthcare.siemens.com/Somaris/ExamCommon" xmlns:ex="http://healthcare.siemens.com/Somaris/Exam" xmlns:si="http://healthcare.siemens.com/Somaris/SystemInterface" xmlns:sv="http://healthcare.siemens.com/Somaris/Serv" xmlns:u="http://healthcare.siemens.com/Somaris/Undefined" xmlns:y="http://www.w3.org/2001/XMLSchema" xmlns:i="http://www.w3.org/2001/XMLSchema-instance" xmlns="http://healthcare.siemens.com/Somaris/AppCommon">
  <InitialSource>CT</InitialSource>
  <LicenseFilterID></LicenseFilterID>
  <Metadata>
    <IsCustomized>true</IsCustomized>
    <IsInvalidProtocol>false</IsInvalidProtocol>
    <ModificationIdentifier>4528bf5c-fb9a-4120-891a-bfb383013197</ModificationIdentifier>
    <ProtocolCheckinInfo>ProtocolRepositoryImportExportService: Imported</ProtocolCheckinInfo>
  </Metadata>
  <ProtocolDescription></ProtocolDescription>
  <ProtocolDisplayName i:nil="true" />
  <ProtocolIdentifier>
    <Value>1BE41B03-E3CD-41EA-ACE6-0489C4850E0F</Value>
  </ProtocolIdentifier>
  <ProtocolName>PoCoQuaD Körning</ProtocolName>
</ContrastProtocolRepresentation>