<Context version="Somaris 10 0.02" xmlns:a="http://schemas.microsoft.com/2003/10/Serialization/Arrays" xmlns:ac="http://healthcare.siemens.com/Somaris/AppCommon" xmlns:cm="http://healthcare.siemens.com/Somaris/Common" xmlns:ec="http://healthcare.siemens.com/Somaris/ExamCommon" xmlns:ex="http://healthcare.siemens.com/Somaris/Exam" xmlns:si="http://healthcare.siemens.com/Somaris/SystemInterface" xmlns:sv="http://healthcare.siemens.com/Somaris/Serv" xmlns:u="http://healthcare.siemens.com/Somaris/Undefined" xmlns:y="http://www.w3.org/2001/XMLSchema" xmlns:i="http://www.w3.org/2001/XMLSchema-instance" xmlns="http://healthcare.siemens.com/Somaris/Domain">
  <ProtocolFormatVersion>
    <cm:ChildVersion i:nil="true" />
    <cm:Version>VB10A.SP1.01</cm:Version>
  </ProtocolFormatVersion>
  <Entity>
    <Descriptor>
      <ID>ContrastProtocolEntity_1</ID>
      <EntityType>ContrastProtocolEntity</EntityType>
    </Descriptor>
    <EntityIntrinsicBehaviors>
      <TypeName>ExamBehavior</TypeName>
    </EntityIntrinsicBehaviors>
    <Behaviors>
      <TypeName>ExamBehavior</TypeName>
    </Behaviors>
    <Essentials>
      <Essential>
        <Name>ContrastAgentNameEssential</Name>
        <Value i:type="y:string">Visipaque</Value>
      </Essential>
      <Essential>
        <Name>ContrastInjectionInfoEssential</Name>
        <Value i:type="cm:InjectionInfoType">InjectionUnperformed</Value>
      </Essential>
      <Essential>
        <Name>ContrastProtocolNameEssential</Name>
        <Value i:type="y:string">PoCoQuaD Körning</Value>
      </Essential>
      <Essential>
        <Name>ContrastTimestampEssential</Name>
        <Value i:type="cm:TimePeriod" TimeInSeconds="0" />
      </Essential>
      <Essential>
        <Name>InitialSourceEssential</Name>
        <Value i:type="cm:ContrastProtocolSource">CT</Value>
      </Essential>
      <Essential>
        <Name>IodineConcentrationEssential</Name>
        <Value i:type="cm:Concentration" ConcentrationMilliGramMilliPerLiter="320" />
      </Essential>
      <Essential>
        <Name>IsContrastProtocolChangeRelevantForSaveAsTemplateEssential</Name>
        <Value i:type="y:boolean">false</Value>
      </Essential>
      <Essential>
        <Name>LicenseFilterIDForFactoryContrastProtocolEssential</Name>
        <Value i:type="y:string"></Value>
      </Essential>
      <Essential>
        <Name>PostFormatConversionStepsEssential</Name>
        <Value i:type="StringHashSet" />
      </Essential>
    </Essentials>
    <Groups />
    <InnerCircleHandlers />
    <ExtensionData>
      <DataItem i:type="ac:ProtocolIdentifierExtensionData">
        <ac:ProtocolIdentifier>1BE41B03-E3CD-41EA-ACE6-0489C4850E0F</ac:ProtocolIdentifier>
      </DataItem>
    </ExtensionData>
    <Children>
      <Entity>
        <Descriptor>
          <ID>InjectionPhaseEntity_1</ID>
          <EntityType>InjectionPhaseEntity</EntityType>
        </Descriptor>
        <EntityIntrinsicBehaviors />
        <Behaviors>
          <TypeName>ExamBehavior</TypeName>
        </Behaviors>
        <Essentials>
          <Essential>
            <Name>InjectionPhaseFlowEssential</Name>
            <Value i:type="cm:FlowRate" FlowRateInMilliliterPerSecond="5" />
          </Essential>
          <Essential>
            <Name>InjectionPhaseMixedRatioEssential</Name>
            <Value i:type="y:int">0</Value>
          </Essential>
          <Essential>
            <Name>InjectionPhaseTypeEssential</Name>
            <Value i:type="cm:PhaseType">Saline</Value>
          </Essential>
          <Essential>
            <Name>InjectionPhaseUidEssential</Name>
            <Value i:type="y:string">91db8ded-6d3a-4b3a-8df3-7c3aeae3ab7a</Value>
          </Essential>
          <Essential>
            <Name>InjectionPhaseVolumeEssential</Name>
            <Value i:type="cm:Volume" VolumeInMilliliter="50" />
          </Essential>
          <Essential>
            <Name>InjectionPhaseVolumeLimitsMaxContrastEssential</Name>
            <Value i:type="cm:Volume" VolumeInMilliliter="999" />
          </Essential>
          <Essential>
            <Name>InjectionPhaseVolumeLimitsMaxSalineEssential</Name>
            <Value i:type="cm:Volume" VolumeInMilliliter="999" />
          </Essential>
          <Essential>
            <Name>IntendedInjectionPhaseDurationEssential</Name>
            <Value i:type="cm:TimePeriod" TimeInSeconds="10" />
          </Essential>
          <Essential>
            <Name>IntendedInjectionPhaseFlowLimitsMaxEssential</Name>
            <Value i:type="cm:FlowRate" FlowRateInMilliliterPerSecond="10" />
          </Essential>
          <Essential>
            <Name>IntendedInjectionPhaseFlowLimitsMinEssential</Name>
            <Value i:type="cm:FlowRate" FlowRateInMilliliterPerSecond="0.1" />
          </Essential>
          <Essential>
            <Name>IntendedInjectionPhaseFlowLimitsStepEssential</Name>
            <Value i:type="cm:FlowRate" FlowRateInMilliliterPerSecond="0.1" />
          </Essential>
          <Essential>
            <Name>IntendedInjectionPhaseMixedRatioLimitsStepEssential</Name>
            <Value i:type="y:int">1</Value>
          </Essential>
          <Essential>
            <Name>IntendedInjectionPhaseVolumeLimitsMinEssential</Name>
            <Value i:type="cm:Volume" VolumeInMilliliter="1" />
          </Essential>
          <Essential>
            <Name>IntendedInjectionPhaseVolumeLimitsStepEssential</Name>
            <Value i:type="cm:Volume" VolumeInMilliliter="1" />
          </Essential>
          <Essential>
            <Name>PostFormatConversionStepsEssential</Name>
            <Value i:type="StringHashSet" />
          </Essential>
        </Essentials>
        <Groups />
        <InnerCircleHandlers />
        <ExtensionData />
        <Children />
      </Entity>
      <Entity>
        <Descriptor>
          <ID>InjectionPhaseEntity_2</ID>
          <EntityType>InjectionPhaseEntity</EntityType>
        </Descriptor>
        <EntityIntrinsicBehaviors />
        <Behaviors>
          <TypeName>ExamBehavior</TypeName>
        </Behaviors>
        <Essentials>
          <Essential>
            <Name>InjectionPhaseFlowEssential</Name>
            <Value i:type="cm:FlowRate" FlowRateInMilliliterPerSecond="5" />
          </Essential>
          <Essential>
            <Name>InjectionPhaseMixedRatioEssential</Name>
            <Value i:type="y:int">100</Value>
          </Essential>
          <Essential>
            <Name>InjectionPhaseTypeEssential</Name>
            <Value i:type="cm:PhaseType">Contrast</Value>
          </Essential>
          <Essential>
            <Name>InjectionPhaseUidEssential</Name>
            <Value i:type="y:string">a252c9bf-0af9-42bf-8bb9-05c82ea8f6f5</Value>
          </Essential>
          <Essential>
            <Name>InjectionPhaseVolumeEssential</Name>
            <Value i:type="cm:Volume" VolumeInMilliliter="75" />
          </Essential>
          <Essential>
            <Name>InjectionPhaseVolumeLimitsMaxContrastEssential</Name>
            <Value i:type="cm:Volume" VolumeInMilliliter="999" />
          </Essential>
          <Essential>
            <Name>InjectionPhaseVolumeLimitsMaxSalineEssential</Name>
            <Value i:type="cm:Volume" VolumeInMilliliter="999" />
          </Essential>
          <Essential>
            <Name>IntendedInjectionPhaseDurationEssential</Name>
            <Value i:type="cm:TimePeriod" TimeInSeconds="15" />
          </Essential>
          <Essential>
            <Name>IntendedInjectionPhaseFlowLimitsMaxEssential</Name>
            <Value i:type="cm:FlowRate" FlowRateInMilliliterPerSecond="10" />
          </Essential>
          <Essential>
            <Name>IntendedInjectionPhaseFlowLimitsMinEssential</Name>
            <Value i:type="cm:FlowRate" FlowRateInMilliliterPerSecond="0.1" />
          </Essential>
          <Essential>
            <Name>IntendedInjectionPhaseFlowLimitsStepEssential</Name>
            <Value i:type="cm:FlowRate" FlowRateInMilliliterPerSecond="0.1" />
          </Essential>
          <Essential>
            <Name>IntendedInjectionPhaseMixedRatioLimitsStepEssential</Name>
            <Value i:type="y:int">1</Value>
          </Essential>
          <Essential>
            <Name>IntendedInjectionPhaseVolumeLimitsMinEssential</Name>
            <Value i:type="cm:Volume" VolumeInMilliliter="1" />
          </Essential>
          <Essential>
            <Name>IntendedInjectionPhaseVolumeLimitsStepEssential</Name>
            <Value i:type="cm:Volume" VolumeInMilliliter="1" />
          </Essential>
          <Essential>
            <Name>PostFormatConversionStepsEssential</Name>
            <Value i:type="StringHashSet" />
          </Essential>
        </Essentials>
        <Groups />
        <InnerCircleHandlers />
        <ExtensionData />
        <Children />
      </Entity>
      <Entity>
        <Descriptor>
          <ID>InjectionPhaseEntity_3</ID>
          <EntityType>InjectionPhaseEntity</EntityType>
        </Descriptor>
        <EntityIntrinsicBehaviors />
        <Behaviors>
          <TypeName>ExamBehavior</TypeName>
        </Behaviors>
        <Essentials>
          <Essential>
            <Name>InjectionPhaseFlowEssential</Name>
            <Value i:type="cm:FlowRate" FlowRateInMilliliterPerSecond="5" />
          </Essential>
          <Essential>
            <Name>InjectionPhaseMixedRatioEssential</Name>
            <Value i:type="y:int">0</Value>
          </Essential>
          <Essential>
            <Name>InjectionPhaseTypeEssential</Name>
            <Value i:type="cm:PhaseType">Saline</Value>
          </Essential>
          <Essential>
            <Name>InjectionPhaseUidEssential</Name>
            <Value i:type="y:string">91db8ded-6d3a-4b3a-8df3-7c3aeae3ab7a</Value>
          </Essential>
          <Essential>
            <Name>InjectionPhaseVolumeEssential</Name>
            <Value i:type="cm:Volume" VolumeInMilliliter="50" />
          </Essential>
          <Essential>
            <Name>InjectionPhaseVolumeLimitsMaxContrastEssential</Name>
            <Value i:type="cm:Volume" VolumeInMilliliter="999" />
          </Essential>
          <Essential>
            <Name>InjectionPhaseVolumeLimitsMaxSalineEssential</Name>
            <Value i:type="cm:Volume" VolumeInMilliliter="999" />
          </Essential>
          <Essential>
            <Name>IntendedInjectionPhaseDurationEssential</Name>
            <Value i:type="cm:TimePeriod" TimeInSeconds="10" />
          </Essential>
          <Essential>
            <Name>IntendedInjectionPhaseFlowLimitsMaxEssential</Name>
            <Value i:type="cm:FlowRate" FlowRateInMilliliterPerSecond="10" />
          </Essential>
          <Essential>
            <Name>IntendedInjectionPhaseFlowLimitsMinEssential</Name>
            <Value i:type="cm:FlowRate" FlowRateInMilliliterPerSecond="0.1" />
          </Essential>
          <Essential>
            <Name>IntendedInjectionPhaseFlowLimitsStepEssential</Name>
            <Value i:type="cm:FlowRate" FlowRateInMilliliterPerSecond="0.1" />
          </Essential>
          <Essential>
            <Name>IntendedInjectionPhaseMixedRatioLimitsStepEssential</Name>
            <Value i:type="y:int">1</Value>
          </Essential>
          <Essential>
            <Name>IntendedInjectionPhaseVolumeLimitsMinEssential</Name>
            <Value i:type="cm:Volume" VolumeInMilliliter="1" />
          </Essential>
          <Essential>
            <Name>IntendedInjectionPhaseVolumeLimitsStepEssential</Name>
            <Value i:type="cm:Volume" VolumeInMilliliter="1" />
          </Essential>
          <Essential>
            <Name>PostFormatConversionStepsEssential</Name>
            <Value i:type="StringHashSet" />
          </Essential>
        </Essentials>
        <Groups />
        <InnerCircleHandlers />
        <ExtensionData />
        <Children />
      </Entity>
    </Children>
  </Entity>
  <Groups />
</Context>