<ProtocolRepresentation xmlns:a="http://schemas.microsoft.com/2003/10/Serialization/Arrays" xmlns:cm="http://healthcare.siemens.com/Somaris/Common" xmlns:dm="http://healthcare.siemens.com/Somaris/Domain" xmlns:ec="http://healthcare.siemens.com/Somaris/ExamCommon" xmlns:ex="http://healthcare.siemens.com/Somaris/Exam" xmlns:si="http://healthcare.siemens.com/Somaris/SystemInterface" xmlns:sv="http://healthcare.siemens.com/Somaris/Serv" xmlns:u="http://healthcare.siemens.com/Somaris/Undefined" xmlns:y="http://www.w3.org/2001/XMLSchema" xmlns:i="http://www.w3.org/2001/XMLSchema-instance" xmlns="http://healthcare.siemens.com/Somaris/AppCommon">
  <AssociatedClinicalDecisionTreeIdentifiers />
  <AssociatedContrastProtocolIdentifiers>
    <a:string>DF884F81-0255-43B9-B1B8-9ACF8C2BF72F</a:string>
  </AssociatedContrastProtocolIdentifiers>
  <DepartmentalViaTaskflow></DepartmentalViaTaskflow>
  <LicenseFilterID></LicenseFilterID>
  <Metadata>
    <AreAllEntitiesValid>true</AreAllEntitiesValid>
    <ContrastProtocol>Manual</ContrastProtocol>
    <InRoomScannable>true</InRoomScannable>
    <IsCustomized>true</IsCustomized>
    <IsDoseValid>true</IsDoseValid>
    <IsHidden>false</IsHidden>
    <IsInvalidProtocol>false</IsInvalidProtocol>
    <ModificationIdentifier>812fd07a-99d6-43d7-b544-144d06fdcda7</ModificationIdentifier>
    <ProtocolCheckinInfo>SPrDUser: SPrDCheckin</ProtocolCheckinInfo>
    <Version>20.0.007.0</Version>
  </Metadata>
  <ProtocolDescription>Vuxenprotokoll. Bolustracking. OBS! Monitorering i Aorta med automatisk start. Max 8 cm</ProtocolDescription>
  <ProtocolIdentifier>
    <Value>0F57EBCB-6B19-4D72-A0A8-4F059DE25163</Value>
  </ProtocolIdentifier>
  <ProtocolModality>CT</ProtocolModality>
  <ProtocolName>1.26 Hjärnans kärl UHR (A+V) 2-fas 20250103</ProtocolName>
  <ScanRepresentations>
    <ScanRepresentation i:type="TopoScanRepresentation">
      <BasicScanModeKeyWords>
        <a:string>Scanplanning</a:string>
        <a:string>Topo</a:string>
        <a:string>Adult</a:string>
        <a:string>Quantum</a:string>
        <a:string>Sn</a:string>
      </BasicScanModeKeyWords>
      <IsCountingModel>true</IsCountingModel>
      <IsDiagnosticRange>false</IsDiagnosticRange>
      <IsExcludable>true</IsExcludable>
      <IsIncluded>true</IsIncluded>
      <ReconRepresentations>
        <ReconRepresentation i:type="CTReconRepresentation">
          <CompoundReconType>IStandardReconCompound</CompoundReconType>
          <ExtensionData>
            <a:KeyValueOfstringanyType>
              <a:Key>CT.Exam.Recon.Ext.AppCommon.PacsReadyReconRepresentationCreatorExtension</a:Key>
              <a:Value i:type="y:string">noPacsReadyReconTypeId F349C8D9-59C4-433E-8EEC-A4EA12F890DC</a:Value>
            </a:KeyValueOfstringanyType>
          </ExtensionData>
          <IsAutoReconstruction>false</IsAutoReconstruction>
          <IsUserRecon>true</IsUserRecon>
          <ViewingCenter>100</ViewingCenter>
          <ViewingCenterList i:nil="true" />
          <ViewingWidth>800</ViewingWidth>
          <ImageOrientationList xmlns:d6p1="http://schemas.datacontract.org/2004/07/H.Common.DataTypes.Contract.Medical">
            <d6p1:ImageOrientation>Sagittal</d6p1:ImageOrientation>
          </ImageOrientationList>
          <IsDirectDE>false</IsDirectDE>
          <IsFixAxial>false</IsFixAxial>
          <IsOnlineRecon>true</IsOnlineRecon>
          <KernelList>
            <a:string>Tx20</a:string>
          </KernelList>
          <ReconstructedEnergySpectra i:nil="true" />
        </ReconRepresentation>
      </ReconRepresentations>
      <ScanName>Topogram</ScanName>
      <OrganCharacteristics>Head</OrganCharacteristics>
      <PatientPosition>FaceUpHeadFirst</PatientPosition>
      <TubePositionGantryRelated>Left</TubePositionGantryRelated>
    </ScanRepresentation>
    <ScanRepresentation i:type="TopoScanRepresentation">
      <BasicScanModeKeyWords>
        <a:string>Scanplanning</a:string>
        <a:string>Topo</a:string>
        <a:string>Adult</a:string>
        <a:string>Quantum</a:string>
        <a:string>Sn</a:string>
      </BasicScanModeKeyWords>
      <IsCountingModel>true</IsCountingModel>
      <IsDiagnosticRange>false</IsDiagnosticRange>
      <IsExcludable>true</IsExcludable>
      <IsIncluded>true</IsIncluded>
      <ReconRepresentations>
        <ReconRepresentation i:type="CTReconRepresentation">
          <CompoundReconType>IStandardReconCompound</CompoundReconType>
          <ExtensionData>
            <a:KeyValueOfstringanyType>
              <a:Key>CT.Exam.Recon.Ext.AppCommon.PacsReadyReconRepresentationCreatorExtension</a:Key>
              <a:Value i:type="y:string">noPacsReadyReconTypeId F349C8D9-59C4-433E-8EEC-A4EA12F890DC</a:Value>
            </a:KeyValueOfstringanyType>
          </ExtensionData>
          <IsAutoReconstruction>false</IsAutoReconstruction>
          <IsUserRecon>true</IsUserRecon>
          <ViewingCenter>100</ViewingCenter>
          <ViewingCenterList i:nil="true" />
          <ViewingWidth>800</ViewingWidth>
          <ImageOrientationList xmlns:d6p1="http://schemas.datacontract.org/2004/07/H.Common.DataTypes.Contract.Medical">
            <d6p1:ImageOrientation>Coronal</d6p1:ImageOrientation>
          </ImageOrientationList>
          <IsDirectDE>false</IsDirectDE>
          <IsFixAxial>false</IsFixAxial>
          <IsOnlineRecon>true</IsOnlineRecon>
          <KernelList>
            <a:string>Tx20</a:string>
          </KernelList>
          <ReconstructedEnergySpectra i:nil="true" />
        </ReconRepresentation>
      </ReconRepresentations>
      <ScanName>Topogram</ScanName>
      <OrganCharacteristics>Head</OrganCharacteristics>
      <PatientPosition>FaceUpHeadFirst</PatientPosition>
      <TubePositionGantryRelated>Top</TubePositionGantryRelated>
    </ScanRepresentation>
    <ScanRepresentation i:type="CTScanRepresentation">
      <BasicScanModeKeyWords>
        <a:string>Premonitoring</a:string>
        <a:string>Sequence</a:string>
        <a:string>Child</a:string>
        <a:string>Quantum</a:string>
        <a:string>2d</a:string>
      </BasicScanModeKeyWords>
      <IsCountingModel>true</IsCountingModel>
      <IsDiagnosticRange>false</IsDiagnosticRange>
      <IsExcludable>false</IsExcludable>
      <IsIncluded>true</IsIncluded>
      <ReconRepresentations>
        <ReconRepresentation i:type="CTReconRepresentation">
          <CompoundReconType>IStandardReconCompound</CompoundReconType>
          <ExtensionData>
            <a:KeyValueOfstringanyType>
              <a:Key>CT.Exam.Recon.Ext.AppCommon.PacsReadyReconRepresentationCreatorExtension</a:Key>
              <a:Value i:type="y:string">noPacsReadyReconTypeId F349C8D9-59C4-433E-8EEC-A4EA12F890DC</a:Value>
            </a:KeyValueOfstringanyType>
          </ExtensionData>
          <IsAutoReconstruction>false</IsAutoReconstruction>
          <IsUserRecon>true</IsUserRecon>
          <ViewingCenter>300</ViewingCenter>
          <ViewingCenterList i:nil="true" />
          <ViewingWidth>800</ViewingWidth>
          <ImageOrientationList xmlns:d6p1="http://schemas.datacontract.org/2004/07/H.Common.DataTypes.Contract.Medical">
            <d6p1:ImageOrientation>Axial</d6p1:ImageOrientation>
          </ImageOrientationList>
          <IsDirectDE>false</IsDirectDE>
          <IsFixAxial>true</IsFixAxial>
          <IsOnlineRecon>true</IsOnlineRecon>
          <KernelList>
            <a:string>Br36</a:string>
          </KernelList>
          <ReconstructedEnergySpectra i:nil="true" />
        </ReconRepresentation>
      </ReconRepresentations>
      <ScanName>Premonitoring</ScanName>
      <OrganCharacteristics>AngioBody</OrganCharacteristics>
      <PatientPosition>FaceUpHeadFirst</PatientPosition>
    </ScanRepresentation>
    <ScanRepresentation i:type="CTScanRepresentation">
      <BasicScanModeKeyWords>
        <a:string>Monitoring</a:string>
        <a:string>Sequence</a:string>
        <a:string>Child</a:string>
        <a:string>Quantum</a:string>
        <a:string>2d</a:string>
      </BasicScanModeKeyWords>
      <IsCountingModel>true</IsCountingModel>
      <IsDiagnosticRange>false</IsDiagnosticRange>
      <IsExcludable>false</IsExcludable>
      <IsIncluded>true</IsIncluded>
      <ReconRepresentations>
        <ReconRepresentation i:type="CTReconRepresentation">
          <CompoundReconType>IStandardReconCompound</CompoundReconType>
          <ExtensionData>
            <a:KeyValueOfstringanyType>
              <a:Key>CT.Exam.Recon.Ext.AppCommon.PacsReadyReconRepresentationCreatorExtension</a:Key>
              <a:Value i:type="y:string">noPacsReadyReconTypeId F349C8D9-59C4-433E-8EEC-A4EA12F890DC</a:Value>
            </a:KeyValueOfstringanyType>
          </ExtensionData>
          <IsAutoReconstruction>false</IsAutoReconstruction>
          <IsUserRecon>true</IsUserRecon>
          <ViewingCenter>300</ViewingCenter>
          <ViewingCenterList i:nil="true" />
          <ViewingWidth>800</ViewingWidth>
          <ImageOrientationList xmlns:d6p1="http://schemas.datacontract.org/2004/07/H.Common.DataTypes.Contract.Medical">
            <d6p1:ImageOrientation>Axial</d6p1:ImageOrientation>
          </ImageOrientationList>
          <IsDirectDE>false</IsDirectDE>
          <IsFixAxial>true</IsFixAxial>
          <IsOnlineRecon>true</IsOnlineRecon>
          <KernelList>
            <a:string>Br36</a:string>
          </KernelList>
          <ReconstructedEnergySpectra i:nil="true" />
        </ReconRepresentation>
      </ReconRepresentations>
      <ScanName>Monitoring</ScanName>
      <OrganCharacteristics>AngioBody</OrganCharacteristics>
      <PatientPosition>FaceUpHeadFirst</PatientPosition>
    </ScanRepresentation>
    <ScanRepresentation i:type="CTScanRepresentation">
      <BasicScanModeKeyWords>
        <a:string>Routine</a:string>
        <a:string>Spiral</a:string>
        <a:string>Child</a:string>
        <a:string>Head</a:string>
        <a:string>Highresultra</a:string>
        <a:string>Quantum</a:string>
      </BasicScanModeKeyWords>
      <IsCountingModel>true</IsCountingModel>
      <IsDiagnosticRange>true</IsDiagnosticRange>
      <IsExcludable>false</IsExcludable>
      <IsIncluded>true</IsIncluded>
      <ReconRepresentations>
        <ReconRepresentation i:type="CTReconRepresentation">
          <CompoundReconType>IStandardReconCompound</CompoundReconType>
          <ExtensionData>
            <a:KeyValueOfstringanyType>
              <a:Key>CT.Exam.Recon.Ext.AppCommon.PacsReadyReconRepresentationCreatorExtension</a:Key>
              <a:Value i:type="y:string">noPacsReadyReconTypeId F349C8D9-59C4-433E-8EEC-A4EA12F890DC</a:Value>
            </a:KeyValueOfstringanyType>
          </ExtensionData>
          <IsAutoReconstruction>false</IsAutoReconstruction>
          <IsUserRecon>true</IsUserRecon>
          <ViewingCenter>300</ViewingCenter>
          <ViewingCenterList i:nil="true" />
          <ViewingWidth>800</ViewingWidth>
          <ImageOrientationList xmlns:d6p1="http://schemas.datacontract.org/2004/07/H.Common.DataTypes.Contract.Medical">
            <d6p1:ImageOrientation>Axial</d6p1:ImageOrientation>
          </ImageOrientationList>
          <IsDirectDE>true</IsDirectDE>
          <IsFixAxial>true</IsFixAxial>
          <IsOnlineRecon>false</IsOnlineRecon>
          <KernelList>
            <a:string>Hv72</a:string>
          </KernelList>
          <ReconstructedEnergySpectra i:nil="true" />
        </ReconRepresentation>
        <ReconRepresentation i:type="CTReconRepresentation">
          <CompoundReconType>IStandardReconCompound</CompoundReconType>
          <ExtensionData>
            <a:KeyValueOfstringanyType>
              <a:Key>CT.Exam.Recon.Ext.AppCommon.PacsReadyReconRepresentationCreatorExtension</a:Key>
              <a:Value i:type="y:string">noPacsReadyReconTypeId F349C8D9-59C4-433E-8EEC-A4EA12F890DC</a:Value>
            </a:KeyValueOfstringanyType>
          </ExtensionData>
          <IsAutoReconstruction>false</IsAutoReconstruction>
          <IsUserRecon>true</IsUserRecon>
          <ViewingCenter>-1000</ViewingCenter>
          <ViewingCenterList i:nil="true" />
          <ViewingWidth>4000</ViewingWidth>
          <ImageOrientationList xmlns:d6p1="http://schemas.datacontract.org/2004/07/H.Common.DataTypes.Contract.Medical">
            <d6p1:ImageOrientation>Axial</d6p1:ImageOrientation>
          </ImageOrientationList>
          <IsDirectDE>true</IsDirectDE>
          <IsFixAxial>true</IsFixAxial>
          <IsOnlineRecon>false</IsOnlineRecon>
          <KernelList>
            <a:string>Hv56</a:string>
          </KernelList>
          <ReconstructedEnergySpectra i:nil="true" />
        </ReconRepresentation>
        <ReconRepresentation i:type="CTReconRepresentation">
          <CompoundReconType>IStandardReconCompound</CompoundReconType>
          <ExtensionData>
            <a:KeyValueOfstringanyType>
              <a:Key>CT.Exam.Recon.Ext.AppCommon.PacsReadyReconRepresentationCreatorExtension</a:Key>
              <a:Value i:type="y:string">noPacsReadyReconTypeId F349C8D9-59C4-433E-8EEC-A4EA12F890DC</a:Value>
            </a:KeyValueOfstringanyType>
          </ExtensionData>
          <IsAutoReconstruction>false</IsAutoReconstruction>
          <IsUserRecon>true</IsUserRecon>
          <ViewingCenter>-1000</ViewingCenter>
          <ViewingCenterList i:nil="true" />
          <ViewingWidth>4000</ViewingWidth>
          <ImageOrientationList xmlns:d6p1="http://schemas.datacontract.org/2004/07/H.Common.DataTypes.Contract.Medical">
            <d6p1:ImageOrientation>Axial</d6p1:ImageOrientation>
          </ImageOrientationList>
          <IsDirectDE>true</IsDirectDE>
          <IsFixAxial>true</IsFixAxial>
          <IsOnlineRecon>false</IsOnlineRecon>
          <KernelList>
            <a:string>Hv56</a:string>
          </KernelList>
          <ReconstructedEnergySpectra i:nil="true" />
        </ReconRepresentation>
        <ReconRepresentation i:type="CTReconRepresentation">
          <CompoundReconType>IStandardReconCompound</CompoundReconType>
          <ExtensionData>
            <a:KeyValueOfstringanyType>
              <a:Key>CT.Exam.Recon.Ext.AppCommon.PacsReadyReconRepresentationCreatorExtension</a:Key>
              <a:Value i:type="y:string">noPacsReadyReconTypeId F349C8D9-59C4-433E-8EEC-A4EA12F890DC</a:Value>
            </a:KeyValueOfstringanyType>
          </ExtensionData>
          <IsAutoReconstruction>false</IsAutoReconstruction>
          <IsUserRecon>true</IsUserRecon>
          <ViewingCenter>65</ViewingCenter>
          <ViewingCenterList i:nil="true" />
          <ViewingWidth>90</ViewingWidth>
          <ImageOrientationList xmlns:d6p1="http://schemas.datacontract.org/2004/07/H.Common.DataTypes.Contract.Medical">
            <d6p1:ImageOrientation>Axial</d6p1:ImageOrientation>
          </ImageOrientationList>
          <IsDirectDE>true</IsDirectDE>
          <IsFixAxial>true</IsFixAxial>
          <IsOnlineRecon>false</IsOnlineRecon>
          <KernelList>
            <a:string>Qr44</a:string>
          </KernelList>
          <ReconstructedEnergySpectra i:nil="true" />
        </ReconRepresentation>
        <ReconRepresentation i:type="CTReconRepresentation">
          <CompoundReconType>IMultiOrientation3ReconCompound</CompoundReconType>
          <ExtensionData>
            <a:KeyValueOfstringanyType>
              <a:Key>CT.Exam.Recon.Ext.AppCommon.PacsReadyReconRepresentationCreatorExtension</a:Key>
              <a:Value i:type="y:string">noPacsReadyReconTypeId F349C8D9-59C4-433E-8EEC-A4EA12F890DC</a:Value>
            </a:KeyValueOfstringanyType>
          </ExtensionData>
          <IsAutoReconstruction>false</IsAutoReconstruction>
          <IsUserRecon>true</IsUserRecon>
          <ViewingCenter>300</ViewingCenter>
          <ViewingCenterList>
            <a:int>300</a:int>
            <a:int>300</a:int>
            <a:int>300</a:int>
          </ViewingCenterList>
          <ViewingWidth>800</ViewingWidth>
          <ImageOrientationList xmlns:d6p1="http://schemas.datacontract.org/2004/07/H.Common.DataTypes.Contract.Medical">
            <d6p1:ImageOrientation>Axial</d6p1:ImageOrientation>
            <d6p1:ImageOrientation>Coronal</d6p1:ImageOrientation>
            <d6p1:ImageOrientation>Sagittal</d6p1:ImageOrientation>
          </ImageOrientationList>
          <IsDirectDE>true</IsDirectDE>
          <IsFixAxial>false</IsFixAxial>
          <IsOnlineRecon>false</IsOnlineRecon>
          <KernelList>
            <a:string>Hv72</a:string>
            <a:string>Hv72</a:string>
            <a:string>Hv72</a:string>
          </KernelList>
          <ReconstructedEnergySpectra i:nil="true" />
        </ReconRepresentation>
        <ReconRepresentation i:type="CTReconRepresentation">
          <CompoundReconType>IStandardReconCompound</CompoundReconType>
          <ExtensionData>
            <a:KeyValueOfstringanyType>
              <a:Key>CT.Exam.Recon.Ext.AppCommon.PacsReadyReconRepresentationCreatorExtension</a:Key>
              <a:Value i:type="y:string">noPacsReadyReconTypeId F349C8D9-59C4-433E-8EEC-A4EA12F890DC</a:Value>
            </a:KeyValueOfstringanyType>
          </ExtensionData>
          <IsAutoReconstruction>false</IsAutoReconstruction>
          <IsUserRecon>true</IsUserRecon>
          <ViewingCenter>300</ViewingCenter>
          <ViewingCenterList i:nil="true" />
          <ViewingWidth>800</ViewingWidth>
          <ImageOrientationList xmlns:d6p1="http://schemas.datacontract.org/2004/07/H.Common.DataTypes.Contract.Medical">
            <d6p1:ImageOrientation>Axial</d6p1:ImageOrientation>
          </ImageOrientationList>
          <IsDirectDE>true</IsDirectDE>
          <IsFixAxial>false</IsFixAxial>
          <IsOnlineRecon>false</IsOnlineRecon>
          <KernelList>
            <a:string>Hv72</a:string>
          </KernelList>
          <ReconstructedEnergySpectra i:nil="true" />
        </ReconRepresentation>
        <ReconRepresentation i:type="CTReconRepresentation">
          <CompoundReconType>IStandardReconCompound</CompoundReconType>
          <ExtensionData>
            <a:KeyValueOfstringanyType>
              <a:Key>CT.Exam.Recon.Ext.AppCommon.PacsReadyReconRepresentationCreatorExtension</a:Key>
              <a:Value i:type="y:string">noPacsReadyReconTypeId F349C8D9-59C4-433E-8EEC-A4EA12F890DC</a:Value>
            </a:KeyValueOfstringanyType>
          </ExtensionData>
          <IsAutoReconstruction>false</IsAutoReconstruction>
          <IsUserRecon>true</IsUserRecon>
          <ViewingCenter>-1000</ViewingCenter>
          <ViewingCenterList i:nil="true" />
          <ViewingWidth>4000</ViewingWidth>
          <ImageOrientationList xmlns:d6p1="http://schemas.datacontract.org/2004/07/H.Common.DataTypes.Contract.Medical">
            <d6p1:ImageOrientation>Axial</d6p1:ImageOrientation>
          </ImageOrientationList>
          <IsDirectDE>true</IsDirectDE>
          <IsFixAxial>true</IsFixAxial>
          <IsOnlineRecon>false</IsOnlineRecon>
          <KernelList>
            <a:string>Qr60</a:string>
          </KernelList>
          <ReconstructedEnergySpectra i:nil="true" />
        </ReconRepresentation>
        <ReconRepresentation i:type="CTReconRepresentation">
          <CompoundReconType>IStandardReconCompound</CompoundReconType>
          <ExtensionData>
            <a:KeyValueOfstringanyType>
              <a:Key>CT.Exam.Recon.Ext.AppCommon.PacsReadyReconRepresentationCreatorExtension</a:Key>
              <a:Value i:type="y:string">noPacsReadyReconTypeId F349C8D9-59C4-433E-8EEC-A4EA12F890DC</a:Value>
            </a:KeyValueOfstringanyType>
          </ExtensionData>
          <IsAutoReconstruction>false</IsAutoReconstruction>
          <IsUserRecon>true</IsUserRecon>
          <ViewingCenter>-1000</ViewingCenter>
          <ViewingCenterList i:nil="true" />
          <ViewingWidth>4000</ViewingWidth>
          <ImageOrientationList xmlns:d6p1="http://schemas.datacontract.org/2004/07/H.Common.DataTypes.Contract.Medical">
            <d6p1:ImageOrientation>Axial</d6p1:ImageOrientation>
          </ImageOrientationList>
          <IsDirectDE>true</IsDirectDE>
          <IsFixAxial>true</IsFixAxial>
          <IsOnlineRecon>false</IsOnlineRecon>
          <KernelList>
            <a:string>Qr89</a:string>
          </KernelList>
          <ReconstructedEnergySpectra i:nil="true" />
        </ReconRepresentation>
        <ReconRepresentation i:type="CTReconRepresentation">
          <CompoundReconType>IStandardReconCompound</CompoundReconType>
          <ExtensionData>
            <a:KeyValueOfstringanyType>
              <a:Key>CT.Exam.Recon.Ext.AppCommon.PacsReadyReconRepresentationCreatorExtension</a:Key>
              <a:Value i:type="y:string">noPacsReadyReconTypeId F349C8D9-59C4-433E-8EEC-A4EA12F890DC</a:Value>
            </a:KeyValueOfstringanyType>
          </ExtensionData>
          <IsAutoReconstruction>false</IsAutoReconstruction>
          <IsUserRecon>true</IsUserRecon>
          <ViewingCenter>-1000</ViewingCenter>
          <ViewingCenterList i:nil="true" />
          <ViewingWidth>4000</ViewingWidth>
          <ImageOrientationList xmlns:d6p1="http://schemas.datacontract.org/2004/07/H.Common.DataTypes.Contract.Medical">
            <d6p1:ImageOrientation>Axial</d6p1:ImageOrientation>
          </ImageOrientationList>
          <IsDirectDE>true</IsDirectDE>
          <IsFixAxial>true</IsFixAxial>
          <IsOnlineRecon>false</IsOnlineRecon>
          <KernelList>
            <a:string>Qr60</a:string>
          </KernelList>
          <ReconstructedEnergySpectra i:nil="true" />
        </ReconRepresentation>
        <ReconRepresentation i:type="CTReconRepresentation">
          <CompoundReconType>IStandardReconCompound</CompoundReconType>
          <ExtensionData>
            <a:KeyValueOfstringanyType>
              <a:Key>CT.Exam.Recon.Ext.AppCommon.PacsReadyReconRepresentationCreatorExtension</a:Key>
              <a:Value i:type="y:string">noPacsReadyReconTypeId F349C8D9-59C4-433E-8EEC-A4EA12F890DC</a:Value>
            </a:KeyValueOfstringanyType>
          </ExtensionData>
          <IsAutoReconstruction>false</IsAutoReconstruction>
          <IsUserRecon>true</IsUserRecon>
          <ViewingCenter>-1000</ViewingCenter>
          <ViewingCenterList i:nil="true" />
          <ViewingWidth>4000</ViewingWidth>
          <ImageOrientationList xmlns:d6p1="http://schemas.datacontract.org/2004/07/H.Common.DataTypes.Contract.Medical">
            <d6p1:ImageOrientation>Axial</d6p1:ImageOrientation>
          </ImageOrientationList>
          <IsDirectDE>true</IsDirectDE>
          <IsFixAxial>true</IsFixAxial>
          <IsOnlineRecon>false</IsOnlineRecon>
          <KernelList>
            <a:string>Qr60</a:string>
          </KernelList>
          <ReconstructedEnergySpectra i:nil="true" />
        </ReconRepresentation>
        <ReconRepresentation i:type="CTReconRepresentation">
          <CompoundReconType>IStandardReconCompound</CompoundReconType>
          <ExtensionData>
            <a:KeyValueOfstringanyType>
              <a:Key>CT.Exam.Recon.Ext.AppCommon.PacsReadyReconRepresentationCreatorExtension</a:Key>
              <a:Value i:type="y:string">noPacsReadyReconTypeId F349C8D9-59C4-433E-8EEC-A4EA12F890DC</a:Value>
            </a:KeyValueOfstringanyType>
          </ExtensionData>
          <IsAutoReconstruction>false</IsAutoReconstruction>
          <IsUserRecon>true</IsUserRecon>
          <ViewingCenter>-1000</ViewingCenter>
          <ViewingCenterList i:nil="true" />
          <ViewingWidth>4000</ViewingWidth>
          <ImageOrientationList xmlns:d6p1="http://schemas.datacontract.org/2004/07/H.Common.DataTypes.Contract.Medical">
            <d6p1:ImageOrientation>Axial</d6p1:ImageOrientation>
          </ImageOrientationList>
          <IsDirectDE>true</IsDirectDE>
          <IsFixAxial>true</IsFixAxial>
          <IsOnlineRecon>false</IsOnlineRecon>
          <KernelList>
            <a:string>Qr60</a:string>
          </KernelList>
          <ReconstructedEnergySpectra i:nil="true" />
        </ReconRepresentation>
        <ReconRepresentation i:type="CTReconRepresentation">
          <CompoundReconType>IStandardReconCompound</CompoundReconType>
          <ExtensionData>
            <a:KeyValueOfstringanyType>
              <a:Key>CT.Exam.Recon.Ext.AppCommon.PacsReadyReconRepresentationCreatorExtension</a:Key>
              <a:Value i:type="y:string">noPacsReadyReconTypeId F349C8D9-59C4-433E-8EEC-A4EA12F890DC</a:Value>
            </a:KeyValueOfstringanyType>
          </ExtensionData>
          <IsAutoReconstruction>false</IsAutoReconstruction>
          <IsUserRecon>true</IsUserRecon>
          <ViewingCenter>-1000</ViewingCenter>
          <ViewingCenterList i:nil="true" />
          <ViewingWidth>4000</ViewingWidth>
          <ImageOrientationList xmlns:d6p1="http://schemas.datacontract.org/2004/07/H.Common.DataTypes.Contract.Medical">
            <d6p1:ImageOrientation>Axial</d6p1:ImageOrientation>
          </ImageOrientationList>
          <IsDirectDE>true</IsDirectDE>
          <IsFixAxial>true</IsFixAxial>
          <IsOnlineRecon>false</IsOnlineRecon>
          <KernelList>
            <a:string>Qr76</a:string>
          </KernelList>
          <ReconstructedEnergySpectra i:nil="true" />
        </ReconRepresentation>
        <ReconRepresentation i:type="CTReconRepresentation">
          <CompoundReconType>IStandardReconCompound</CompoundReconType>
          <ExtensionData>
            <a:KeyValueOfstringanyType>
              <a:Key>CT.Exam.Recon.Ext.AppCommon.PacsReadyReconRepresentationCreatorExtension</a:Key>
              <a:Value i:type="y:string">noPacsReadyReconTypeId F349C8D9-59C4-433E-8EEC-A4EA12F890DC</a:Value>
            </a:KeyValueOfstringanyType>
          </ExtensionData>
          <IsAutoReconstruction>false</IsAutoReconstruction>
          <IsUserRecon>true</IsUserRecon>
          <ViewingCenter>-1000</ViewingCenter>
          <ViewingCenterList i:nil="true" />
          <ViewingWidth>4000</ViewingWidth>
          <ImageOrientationList xmlns:d6p1="http://schemas.datacontract.org/2004/07/H.Common.DataTypes.Contract.Medical">
            <d6p1:ImageOrientation>Axial</d6p1:ImageOrientation>
          </ImageOrientationList>
          <IsDirectDE>true</IsDirectDE>
          <IsFixAxial>true</IsFixAxial>
          <IsOnlineRecon>false</IsOnlineRecon>
          <KernelList>
            <a:string>Qr76</a:string>
          </KernelList>
          <ReconstructedEnergySpectra i:nil="true" />
        </ReconRepresentation>
        <ReconRepresentation i:type="CTReconRepresentation">
          <CompoundReconType>IMultiImpression3ReconCompound</CompoundReconType>
          <ExtensionData>
            <a:KeyValueOfstringanyType>
              <a:Key>CT.Exam.Recon.Ext.AppCommon.PacsReadyReconRepresentationCreatorExtension</a:Key>
              <a:Value i:type="y:string">noPacsReadyReconTypeId F349C8D9-59C4-433E-8EEC-A4EA12F890DC</a:Value>
            </a:KeyValueOfstringanyType>
          </ExtensionData>
          <IsAutoReconstruction>false</IsAutoReconstruction>
          <IsUserRecon>true</IsUserRecon>
          <ViewingCenter>-1000</ViewingCenter>
          <ViewingCenterList>
            <a:int>-1000</a:int>
            <a:int>-1000</a:int>
            <a:int>-1000</a:int>
          </ViewingCenterList>
          <ViewingWidth>4000</ViewingWidth>
          <ImageOrientationList xmlns:d6p1="http://schemas.datacontract.org/2004/07/H.Common.DataTypes.Contract.Medical">
            <d6p1:ImageOrientation>Axial</d6p1:ImageOrientation>
            <d6p1:ImageOrientation>Axial</d6p1:ImageOrientation>
            <d6p1:ImageOrientation>Axial</d6p1:ImageOrientation>
          </ImageOrientationList>
          <IsDirectDE>true</IsDirectDE>
          <IsFixAxial>true</IsFixAxial>
          <IsOnlineRecon>false</IsOnlineRecon>
          <KernelList>
            <a:string>Hv76</a:string>
            <a:string>Hv80</a:string>
            <a:string>Hv84</a:string>
          </KernelList>
          <ReconstructedEnergySpectra i:nil="true" />
        </ReconRepresentation>
        <ReconRepresentation i:type="CTReconRepresentation">
          <CompoundReconType>IStandardReconCompound</CompoundReconType>
          <ExtensionData>
            <a:KeyValueOfstringanyType>
              <a:Key>CT.Exam.Recon.Ext.AppCommon.PacsReadyReconRepresentationCreatorExtension</a:Key>
              <a:Value i:type="y:string">noPacsReadyReconTypeId F349C8D9-59C4-433E-8EEC-A4EA12F890DC</a:Value>
            </a:KeyValueOfstringanyType>
          </ExtensionData>
          <IsAutoReconstruction>false</IsAutoReconstruction>
          <IsUserRecon>true</IsUserRecon>
          <ViewingCenter>-1000</ViewingCenter>
          <ViewingCenterList i:nil="true" />
          <ViewingWidth>4000</ViewingWidth>
          <ImageOrientationList xmlns:d6p1="http://schemas.datacontract.org/2004/07/H.Common.DataTypes.Contract.Medical">
            <d6p1:ImageOrientation>Axial</d6p1:ImageOrientation>
          </ImageOrientationList>
          <IsDirectDE>true</IsDirectDE>
          <IsFixAxial>true</IsFixAxial>
          <IsOnlineRecon>false</IsOnlineRecon>
          <KernelList>
            <a:string>Hv89</a:string>
          </KernelList>
          <ReconstructedEnergySpectra i:nil="true" />
        </ReconRepresentation>
        <ReconRepresentation i:type="CTReconRepresentation">
          <CompoundReconType>IStandardReconCompound</CompoundReconType>
          <ExtensionData>
            <a:KeyValueOfstringanyType>
              <a:Key>CT.Exam.Recon.Ext.AppCommon.PacsReadyReconRepresentationCreatorExtension</a:Key>
              <a:Value i:type="y:string">noPacsReadyReconTypeId F349C8D9-59C4-433E-8EEC-A4EA12F890DC</a:Value>
            </a:KeyValueOfstringanyType>
          </ExtensionData>
          <IsAutoReconstruction>false</IsAutoReconstruction>
          <IsUserRecon>true</IsUserRecon>
          <ViewingCenter>-1000</ViewingCenter>
          <ViewingCenterList i:nil="true" />
          <ViewingWidth>4000</ViewingWidth>
          <ImageOrientationList xmlns:d6p1="http://schemas.datacontract.org/2004/07/H.Common.DataTypes.Contract.Medical">
            <d6p1:ImageOrientation>Axial</d6p1:ImageOrientation>
          </ImageOrientationList>
          <IsDirectDE>true</IsDirectDE>
          <IsFixAxial>true</IsFixAxial>
          <IsOnlineRecon>false</IsOnlineRecon>
          <KernelList>
            <a:string>Qr89</a:string>
          </KernelList>
          <ReconstructedEnergySpectra i:nil="true" />
        </ReconRepresentation>
        <ReconRepresentation i:type="CTReconRepresentation">
          <CompoundReconType>IMultiImpression2ReconCompound</CompoundReconType>
          <ExtensionData>
            <a:KeyValueOfstringanyType>
              <a:Key>CT.Exam.Recon.Ext.AppCommon.PacsReadyReconRepresentationCreatorExtension</a:Key>
              <a:Value i:type="y:string">noPacsReadyReconTypeId F349C8D9-59C4-433E-8EEC-A4EA12F890DC</a:Value>
            </a:KeyValueOfstringanyType>
          </ExtensionData>
          <IsAutoReconstruction>false</IsAutoReconstruction>
          <IsUserRecon>true</IsUserRecon>
          <ViewingCenter>-1000</ViewingCenter>
          <ViewingCenterList>
            <a:int>-1000</a:int>
            <a:int>-1000</a:int>
          </ViewingCenterList>
          <ViewingWidth>4000</ViewingWidth>
          <ImageOrientationList xmlns:d6p1="http://schemas.datacontract.org/2004/07/H.Common.DataTypes.Contract.Medical">
            <d6p1:ImageOrientation>Axial</d6p1:ImageOrientation>
            <d6p1:ImageOrientation>Axial</d6p1:ImageOrientation>
          </ImageOrientationList>
          <IsDirectDE>true</IsDirectDE>
          <IsFixAxial>true</IsFixAxial>
          <IsOnlineRecon>false</IsOnlineRecon>
          <KernelList>
            <a:string>Qr56</a:string>
            <a:string>Hv56</a:string>
          </KernelList>
          <ReconstructedEnergySpectra i:nil="true" />
        </ReconRepresentation>
      </ReconRepresentations>
      <ScanName>Fas1</ScanName>
      <OrganCharacteristics>Head</OrganCharacteristics>
      <PatientPosition>FaceUpHeadFirst</PatientPosition>
    </ScanRepresentation>
    <ScanRepresentation i:type="CTScanRepresentation">
      <BasicScanModeKeyWords>
        <a:string>Routine</a:string>
        <a:string>Spiral</a:string>
        <a:string>Child</a:string>
        <a:string>Head</a:string>
        <a:string>Highresultra</a:string>
        <a:string>Quantum</a:string>
      </BasicScanModeKeyWords>
      <IsCountingModel>true</IsCountingModel>
      <IsDiagnosticRange>true</IsDiagnosticRange>
      <IsExcludable>false</IsExcludable>
      <IsIncluded>true</IsIncluded>
      <ReconRepresentations>
        <ReconRepresentation i:type="CTReconRepresentation">
          <CompoundReconType>IStandardReconCompound</CompoundReconType>
          <ExtensionData>
            <a:KeyValueOfstringanyType>
              <a:Key>CT.Exam.Recon.Ext.AppCommon.PacsReadyReconRepresentationCreatorExtension</a:Key>
              <a:Value i:type="y:string">noPacsReadyReconTypeId F349C8D9-59C4-433E-8EEC-A4EA12F890DC</a:Value>
            </a:KeyValueOfstringanyType>
          </ExtensionData>
          <IsAutoReconstruction>false</IsAutoReconstruction>
          <IsUserRecon>true</IsUserRecon>
          <ViewingCenter>300</ViewingCenter>
          <ViewingCenterList i:nil="true" />
          <ViewingWidth>800</ViewingWidth>
          <ImageOrientationList xmlns:d6p1="http://schemas.datacontract.org/2004/07/H.Common.DataTypes.Contract.Medical">
            <d6p1:ImageOrientation>Axial</d6p1:ImageOrientation>
          </ImageOrientationList>
          <IsDirectDE>true</IsDirectDE>
          <IsFixAxial>true</IsFixAxial>
          <IsOnlineRecon>false</IsOnlineRecon>
          <KernelList>
            <a:string>Hv72</a:string>
          </KernelList>
          <ReconstructedEnergySpectra i:nil="true" />
        </ReconRepresentation>
        <ReconRepresentation i:type="CTReconRepresentation">
          <CompoundReconType>IStandardReconCompound</CompoundReconType>
          <ExtensionData>
            <a:KeyValueOfstringanyType>
              <a:Key>CT.Exam.Recon.Ext.AppCommon.PacsReadyReconRepresentationCreatorExtension</a:Key>
              <a:Value i:type="y:string">noPacsReadyReconTypeId F349C8D9-59C4-433E-8EEC-A4EA12F890DC</a:Value>
            </a:KeyValueOfstringanyType>
          </ExtensionData>
          <IsAutoReconstruction>false</IsAutoReconstruction>
          <IsUserRecon>true</IsUserRecon>
          <ViewingCenter>-1000</ViewingCenter>
          <ViewingCenterList i:nil="true" />
          <ViewingWidth>4000</ViewingWidth>
          <ImageOrientationList xmlns:d6p1="http://schemas.datacontract.org/2004/07/H.Common.DataTypes.Contract.Medical">
            <d6p1:ImageOrientation>Axial</d6p1:ImageOrientation>
          </ImageOrientationList>
          <IsDirectDE>true</IsDirectDE>
          <IsFixAxial>true</IsFixAxial>
          <IsOnlineRecon>false</IsOnlineRecon>
          <KernelList>
            <a:string>Hv56</a:string>
          </KernelList>
          <ReconstructedEnergySpectra i:nil="true" />
        </ReconRepresentation>
        <ReconRepresentation i:type="CTReconRepresentation">
          <CompoundReconType>IStandardReconCompound</CompoundReconType>
          <ExtensionData>
            <a:KeyValueOfstringanyType>
              <a:Key>CT.Exam.Recon.Ext.AppCommon.PacsReadyReconRepresentationCreatorExtension</a:Key>
              <a:Value i:type="y:string">noPacsReadyReconTypeId F349C8D9-59C4-433E-8EEC-A4EA12F890DC</a:Value>
            </a:KeyValueOfstringanyType>
          </ExtensionData>
          <IsAutoReconstruction>false</IsAutoReconstruction>
          <IsUserRecon>true</IsUserRecon>
          <ViewingCenter>-1000</ViewingCenter>
          <ViewingCenterList i:nil="true" />
          <ViewingWidth>4000</ViewingWidth>
          <ImageOrientationList xmlns:d6p1="http://schemas.datacontract.org/2004/07/H.Common.DataTypes.Contract.Medical">
            <d6p1:ImageOrientation>Axial</d6p1:ImageOrientation>
          </ImageOrientationList>
          <IsDirectDE>true</IsDirectDE>
          <IsFixAxial>true</IsFixAxial>
          <IsOnlineRecon>false</IsOnlineRecon>
          <KernelList>
            <a:string>Hv56</a:string>
          </KernelList>
          <ReconstructedEnergySpectra i:nil="true" />
        </ReconRepresentation>
        <ReconRepresentation i:type="CTReconRepresentation">
          <CompoundReconType>IStandardReconCompound</CompoundReconType>
          <ExtensionData>
            <a:KeyValueOfstringanyType>
              <a:Key>CT.Exam.Recon.Ext.AppCommon.PacsReadyReconRepresentationCreatorExtension</a:Key>
              <a:Value i:type="y:string">noPacsReadyReconTypeId F349C8D9-59C4-433E-8EEC-A4EA12F890DC</a:Value>
            </a:KeyValueOfstringanyType>
          </ExtensionData>
          <IsAutoReconstruction>false</IsAutoReconstruction>
          <IsUserRecon>true</IsUserRecon>
          <ViewingCenter>65</ViewingCenter>
          <ViewingCenterList i:nil="true" />
          <ViewingWidth>90</ViewingWidth>
          <ImageOrientationList xmlns:d6p1="http://schemas.datacontract.org/2004/07/H.Common.DataTypes.Contract.Medical">
            <d6p1:ImageOrientation>Axial</d6p1:ImageOrientation>
          </ImageOrientationList>
          <IsDirectDE>true</IsDirectDE>
          <IsFixAxial>true</IsFixAxial>
          <IsOnlineRecon>false</IsOnlineRecon>
          <KernelList>
            <a:string>Qr44</a:string>
          </KernelList>
          <ReconstructedEnergySpectra i:nil="true" />
        </ReconRepresentation>
        <ReconRepresentation i:type="CTReconRepresentation">
          <CompoundReconType>IMultiOrientation3ReconCompound</CompoundReconType>
          <ExtensionData>
            <a:KeyValueOfstringanyType>
              <a:Key>CT.Exam.Recon.Ext.AppCommon.PacsReadyReconRepresentationCreatorExtension</a:Key>
              <a:Value i:type="y:string">noPacsReadyReconTypeId F349C8D9-59C4-433E-8EEC-A4EA12F890DC</a:Value>
            </a:KeyValueOfstringanyType>
          </ExtensionData>
          <IsAutoReconstruction>false</IsAutoReconstruction>
          <IsUserRecon>true</IsUserRecon>
          <ViewingCenter>300</ViewingCenter>
          <ViewingCenterList>
            <a:int>300</a:int>
            <a:int>300</a:int>
            <a:int>300</a:int>
          </ViewingCenterList>
          <ViewingWidth>800</ViewingWidth>
          <ImageOrientationList xmlns:d6p1="http://schemas.datacontract.org/2004/07/H.Common.DataTypes.Contract.Medical">
            <d6p1:ImageOrientation>Axial</d6p1:ImageOrientation>
            <d6p1:ImageOrientation>Coronal</d6p1:ImageOrientation>
            <d6p1:ImageOrientation>Sagittal</d6p1:ImageOrientation>
          </ImageOrientationList>
          <IsDirectDE>true</IsDirectDE>
          <IsFixAxial>false</IsFixAxial>
          <IsOnlineRecon>false</IsOnlineRecon>
          <KernelList>
            <a:string>Hv72</a:string>
            <a:string>Hv72</a:string>
            <a:string>Hv72</a:string>
          </KernelList>
          <ReconstructedEnergySpectra i:nil="true" />
        </ReconRepresentation>
        <ReconRepresentation i:type="CTReconRepresentation">
          <CompoundReconType>IStandardReconCompound</CompoundReconType>
          <ExtensionData>
            <a:KeyValueOfstringanyType>
              <a:Key>CT.Exam.Recon.Ext.AppCommon.PacsReadyReconRepresentationCreatorExtension</a:Key>
              <a:Value i:type="y:string">noPacsReadyReconTypeId F349C8D9-59C4-433E-8EEC-A4EA12F890DC</a:Value>
            </a:KeyValueOfstringanyType>
          </ExtensionData>
          <IsAutoReconstruction>false</IsAutoReconstruction>
          <IsUserRecon>true</IsUserRecon>
          <ViewingCenter>300</ViewingCenter>
          <ViewingCenterList i:nil="true" />
          <ViewingWidth>800</ViewingWidth>
          <ImageOrientationList xmlns:d6p1="http://schemas.datacontract.org/2004/07/H.Common.DataTypes.Contract.Medical">
            <d6p1:ImageOrientation>Axial</d6p1:ImageOrientation>
          </ImageOrientationList>
          <IsDirectDE>true</IsDirectDE>
          <IsFixAxial>false</IsFixAxial>
          <IsOnlineRecon>false</IsOnlineRecon>
          <KernelList>
            <a:string>Hv72</a:string>
          </KernelList>
          <ReconstructedEnergySpectra i:nil="true" />
        </ReconRepresentation>
        <ReconRepresentation i:type="CTReconRepresentation">
          <CompoundReconType>IStandardReconCompound</CompoundReconType>
          <ExtensionData>
            <a:KeyValueOfstringanyType>
              <a:Key>CT.Exam.Recon.Ext.AppCommon.PacsReadyReconRepresentationCreatorExtension</a:Key>
              <a:Value i:type="y:string">noPacsReadyReconTypeId F349C8D9-59C4-433E-8EEC-A4EA12F890DC</a:Value>
            </a:KeyValueOfstringanyType>
          </ExtensionData>
          <IsAutoReconstruction>false</IsAutoReconstruction>
          <IsUserRecon>true</IsUserRecon>
          <ViewingCenter>-1000</ViewingCenter>
          <ViewingCenterList i:nil="true" />
          <ViewingWidth>4000</ViewingWidth>
          <ImageOrientationList xmlns:d6p1="http://schemas.datacontract.org/2004/07/H.Common.DataTypes.Contract.Medical">
            <d6p1:ImageOrientation>Axial</d6p1:ImageOrientation>
          </ImageOrientationList>
          <IsDirectDE>true</IsDirectDE>
          <IsFixAxial>true</IsFixAxial>
          <IsOnlineRecon>false</IsOnlineRecon>
          <KernelList>
            <a:string>Qr60</a:string>
          </KernelList>
          <ReconstructedEnergySpectra i:nil="true" />
        </ReconRepresentation>
        <ReconRepresentation i:type="CTReconRepresentation">
          <CompoundReconType>IStandardReconCompound</CompoundReconType>
          <ExtensionData>
            <a:KeyValueOfstringanyType>
              <a:Key>CT.Exam.Recon.Ext.AppCommon.PacsReadyReconRepresentationCreatorExtension</a:Key>
              <a:Value i:type="y:string">noPacsReadyReconTypeId F349C8D9-59C4-433E-8EEC-A4EA12F890DC</a:Value>
            </a:KeyValueOfstringanyType>
          </ExtensionData>
          <IsAutoReconstruction>false</IsAutoReconstruction>
          <IsUserRecon>true</IsUserRecon>
          <ViewingCenter>-1000</ViewingCenter>
          <ViewingCenterList i:nil="true" />
          <ViewingWidth>4000</ViewingWidth>
          <ImageOrientationList xmlns:d6p1="http://schemas.datacontract.org/2004/07/H.Common.DataTypes.Contract.Medical">
            <d6p1:ImageOrientation>Axial</d6p1:ImageOrientation>
          </ImageOrientationList>
          <IsDirectDE>true</IsDirectDE>
          <IsFixAxial>true</IsFixAxial>
          <IsOnlineRecon>false</IsOnlineRecon>
          <KernelList>
            <a:string>Qr89</a:string>
          </KernelList>
          <ReconstructedEnergySpectra i:nil="true" />
        </ReconRepresentation>
        <ReconRepresentation i:type="CTReconRepresentation">
          <CompoundReconType>IStandardReconCompound</CompoundReconType>
          <ExtensionData>
            <a:KeyValueOfstringanyType>
              <a:Key>CT.Exam.Recon.Ext.AppCommon.PacsReadyReconRepresentationCreatorExtension</a:Key>
              <a:Value i:type="y:string">noPacsReadyReconTypeId F349C8D9-59C4-433E-8EEC-A4EA12F890DC</a:Value>
            </a:KeyValueOfstringanyType>
          </ExtensionData>
          <IsAutoReconstruction>false</IsAutoReconstruction>
          <IsUserRecon>true</IsUserRecon>
          <ViewingCenter>-1000</ViewingCenter>
          <ViewingCenterList i:nil="true" />
          <ViewingWidth>4000</ViewingWidth>
          <ImageOrientationList xmlns:d6p1="http://schemas.datacontract.org/2004/07/H.Common.DataTypes.Contract.Medical">
            <d6p1:ImageOrientation>Axial</d6p1:ImageOrientation>
          </ImageOrientationList>
          <IsDirectDE>true</IsDirectDE>
          <IsFixAxial>true</IsFixAxial>
          <IsOnlineRecon>false</IsOnlineRecon>
          <KernelList>
            <a:string>Qr60</a:string>
          </KernelList>
          <ReconstructedEnergySpectra i:nil="true" />
        </ReconRepresentation>
        <ReconRepresentation i:type="CTReconRepresentation">
          <CompoundReconType>IStandardReconCompound</CompoundReconType>
          <ExtensionData>
            <a:KeyValueOfstringanyType>
              <a:Key>CT.Exam.Recon.Ext.AppCommon.PacsReadyReconRepresentationCreatorExtension</a:Key>
              <a:Value i:type="y:string">noPacsReadyReconTypeId F349C8D9-59C4-433E-8EEC-A4EA12F890DC</a:Value>
            </a:KeyValueOfstringanyType>
          </ExtensionData>
          <IsAutoReconstruction>false</IsAutoReconstruction>
          <IsUserRecon>true</IsUserRecon>
          <ViewingCenter>-1000</ViewingCenter>
          <ViewingCenterList i:nil="true" />
          <ViewingWidth>4000</ViewingWidth>
          <ImageOrientationList xmlns:d6p1="http://schemas.datacontract.org/2004/07/H.Common.DataTypes.Contract.Medical">
            <d6p1:ImageOrientation>Axial</d6p1:ImageOrientation>
          </ImageOrientationList>
          <IsDirectDE>true</IsDirectDE>
          <IsFixAxial>true</IsFixAxial>
          <IsOnlineRecon>false</IsOnlineRecon>
          <KernelList>
            <a:string>Qr60</a:string>
          </KernelList>
          <ReconstructedEnergySpectra i:nil="true" />
        </ReconRepresentation>
        <ReconRepresentation i:type="CTReconRepresentation">
          <CompoundReconType>IStandardReconCompound</CompoundReconType>
          <ExtensionData>
            <a:KeyValueOfstringanyType>
              <a:Key>CT.Exam.Recon.Ext.AppCommon.PacsReadyReconRepresentationCreatorExtension</a:Key>
              <a:Value i:type="y:string">noPacsReadyReconTypeId F349C8D9-59C4-433E-8EEC-A4EA12F890DC</a:Value>
            </a:KeyValueOfstringanyType>
          </ExtensionData>
          <IsAutoReconstruction>false</IsAutoReconstruction>
          <IsUserRecon>true</IsUserRecon>
          <ViewingCenter>-1000</ViewingCenter>
          <ViewingCenterList i:nil="true" />
          <ViewingWidth>4000</ViewingWidth>
          <ImageOrientationList xmlns:d6p1="http://schemas.datacontract.org/2004/07/H.Common.DataTypes.Contract.Medical">
            <d6p1:ImageOrientation>Axial</d6p1:ImageOrientation>
          </ImageOrientationList>
          <IsDirectDE>true</IsDirectDE>
          <IsFixAxial>true</IsFixAxial>
          <IsOnlineRecon>false</IsOnlineRecon>
          <KernelList>
            <a:string>Qr60</a:string>
          </KernelList>
          <ReconstructedEnergySpectra i:nil="true" />
        </ReconRepresentation>
        <ReconRepresentation i:type="CTReconRepresentation">
          <CompoundReconType>IStandardReconCompound</CompoundReconType>
          <ExtensionData>
            <a:KeyValueOfstringanyType>
              <a:Key>CT.Exam.Recon.Ext.AppCommon.PacsReadyReconRepresentationCreatorExtension</a:Key>
              <a:Value i:type="y:string">noPacsReadyReconTypeId F349C8D9-59C4-433E-8EEC-A4EA12F890DC</a:Value>
            </a:KeyValueOfstringanyType>
          </ExtensionData>
          <IsAutoReconstruction>false</IsAutoReconstruction>
          <IsUserRecon>true</IsUserRecon>
          <ViewingCenter>-1000</ViewingCenter>
          <ViewingCenterList i:nil="true" />
          <ViewingWidth>4000</ViewingWidth>
          <ImageOrientationList xmlns:d6p1="http://schemas.datacontract.org/2004/07/H.Common.DataTypes.Contract.Medical">
            <d6p1:ImageOrientation>Axial</d6p1:ImageOrientation>
          </ImageOrientationList>
          <IsDirectDE>true</IsDirectDE>
          <IsFixAxial>true</IsFixAxial>
          <IsOnlineRecon>false</IsOnlineRecon>
          <KernelList>
            <a:string>Qr76</a:string>
          </KernelList>
          <ReconstructedEnergySpectra i:nil="true" />
        </ReconRepresentation>
        <ReconRepresentation i:type="CTReconRepresentation">
          <CompoundReconType>IStandardReconCompound</CompoundReconType>
          <ExtensionData>
            <a:KeyValueOfstringanyType>
              <a:Key>CT.Exam.Recon.Ext.AppCommon.PacsReadyReconRepresentationCreatorExtension</a:Key>
              <a:Value i:type="y:string">noPacsReadyReconTypeId F349C8D9-59C4-433E-8EEC-A4EA12F890DC</a:Value>
            </a:KeyValueOfstringanyType>
          </ExtensionData>
          <IsAutoReconstruction>false</IsAutoReconstruction>
          <IsUserRecon>true</IsUserRecon>
          <ViewingCenter>-1000</ViewingCenter>
          <ViewingCenterList i:nil="true" />
          <ViewingWidth>4000</ViewingWidth>
          <ImageOrientationList xmlns:d6p1="http://schemas.datacontract.org/2004/07/H.Common.DataTypes.Contract.Medical">
            <d6p1:ImageOrientation>Axial</d6p1:ImageOrientation>
          </ImageOrientationList>
          <IsDirectDE>true</IsDirectDE>
          <IsFixAxial>true</IsFixAxial>
          <IsOnlineRecon>false</IsOnlineRecon>
          <KernelList>
            <a:string>Qr76</a:string>
          </KernelList>
          <ReconstructedEnergySpectra i:nil="true" />
        </ReconRepresentation>
        <ReconRepresentation i:type="CTReconRepresentation">
          <CompoundReconType>IMultiImpression3ReconCompound</CompoundReconType>
          <ExtensionData>
            <a:KeyValueOfstringanyType>
              <a:Key>CT.Exam.Recon.Ext.AppCommon.PacsReadyReconRepresentationCreatorExtension</a:Key>
              <a:Value i:type="y:string">noPacsReadyReconTypeId F349C8D9-59C4-433E-8EEC-A4EA12F890DC</a:Value>
            </a:KeyValueOfstringanyType>
          </ExtensionData>
          <IsAutoReconstruction>false</IsAutoReconstruction>
          <IsUserRecon>true</IsUserRecon>
          <ViewingCenter>-1000</ViewingCenter>
          <ViewingCenterList>
            <a:int>-1000</a:int>
            <a:int>-1000</a:int>
            <a:int>-1000</a:int>
          </ViewingCenterList>
          <ViewingWidth>4000</ViewingWidth>
          <ImageOrientationList xmlns:d6p1="http://schemas.datacontract.org/2004/07/H.Common.DataTypes.Contract.Medical">
            <d6p1:ImageOrientation>Axial</d6p1:ImageOrientation>
            <d6p1:ImageOrientation>Axial</d6p1:ImageOrientation>
            <d6p1:ImageOrientation>Axial</d6p1:ImageOrientation>
          </ImageOrientationList>
          <IsDirectDE>true</IsDirectDE>
          <IsFixAxial>true</IsFixAxial>
          <IsOnlineRecon>false</IsOnlineRecon>
          <KernelList>
            <a:string>Hv76</a:string>
            <a:string>Hv80</a:string>
            <a:string>Hv84</a:string>
          </KernelList>
          <ReconstructedEnergySpectra i:nil="true" />
        </ReconRepresentation>
        <ReconRepresentation i:type="CTReconRepresentation">
          <CompoundReconType>IStandardReconCompound</CompoundReconType>
          <ExtensionData>
            <a:KeyValueOfstringanyType>
              <a:Key>CT.Exam.Recon.Ext.AppCommon.PacsReadyReconRepresentationCreatorExtension</a:Key>
              <a:Value i:type="y:string">noPacsReadyReconTypeId F349C8D9-59C4-433E-8EEC-A4EA12F890DC</a:Value>
            </a:KeyValueOfstringanyType>
          </ExtensionData>
          <IsAutoReconstruction>false</IsAutoReconstruction>
          <IsUserRecon>true</IsUserRecon>
          <ViewingCenter>-1000</ViewingCenter>
          <ViewingCenterList i:nil="true" />
          <ViewingWidth>4000</ViewingWidth>
          <ImageOrientationList xmlns:d6p1="http://schemas.datacontract.org/2004/07/H.Common.DataTypes.Contract.Medical">
            <d6p1:ImageOrientation>Axial</d6p1:ImageOrientation>
          </ImageOrientationList>
          <IsDirectDE>true</IsDirectDE>
          <IsFixAxial>true</IsFixAxial>
          <IsOnlineRecon>false</IsOnlineRecon>
          <KernelList>
            <a:string>Hv89</a:string>
          </KernelList>
          <ReconstructedEnergySpectra i:nil="true" />
        </ReconRepresentation>
        <ReconRepresentation i:type="CTReconRepresentation">
          <CompoundReconType>IStandardReconCompound</CompoundReconType>
          <ExtensionData>
            <a:KeyValueOfstringanyType>
              <a:Key>CT.Exam.Recon.Ext.AppCommon.PacsReadyReconRepresentationCreatorExtension</a:Key>
              <a:Value i:type="y:string">noPacsReadyReconTypeId F349C8D9-59C4-433E-8EEC-A4EA12F890DC</a:Value>
            </a:KeyValueOfstringanyType>
          </ExtensionData>
          <IsAutoReconstruction>false</IsAutoReconstruction>
          <IsUserRecon>true</IsUserRecon>
          <ViewingCenter>-1000</ViewingCenter>
          <ViewingCenterList i:nil="true" />
          <ViewingWidth>4000</ViewingWidth>
          <ImageOrientationList xmlns:d6p1="http://schemas.datacontract.org/2004/07/H.Common.DataTypes.Contract.Medical">
            <d6p1:ImageOrientation>Axial</d6p1:ImageOrientation>
          </ImageOrientationList>
          <IsDirectDE>true</IsDirectDE>
          <IsFixAxial>true</IsFixAxial>
          <IsOnlineRecon>false</IsOnlineRecon>
          <KernelList>
            <a:string>Qr89</a:string>
          </KernelList>
          <ReconstructedEnergySpectra i:nil="true" />
        </ReconRepresentation>
        <ReconRepresentation i:type="CTReconRepresentation">
          <CompoundReconType>IMultiImpression2ReconCompound</CompoundReconType>
          <ExtensionData>
            <a:KeyValueOfstringanyType>
              <a:Key>CT.Exam.Recon.Ext.AppCommon.PacsReadyReconRepresentationCreatorExtension</a:Key>
              <a:Value i:type="y:string">noPacsReadyReconTypeId F349C8D9-59C4-433E-8EEC-A4EA12F890DC</a:Value>
            </a:KeyValueOfstringanyType>
          </ExtensionData>
          <IsAutoReconstruction>false</IsAutoReconstruction>
          <IsUserRecon>true</IsUserRecon>
          <ViewingCenter>-1000</ViewingCenter>
          <ViewingCenterList>
            <a:int>-1000</a:int>
            <a:int>-1000</a:int>
          </ViewingCenterList>
          <ViewingWidth>4000</ViewingWidth>
          <ImageOrientationList xmlns:d6p1="http://schemas.datacontract.org/2004/07/H.Common.DataTypes.Contract.Medical">
            <d6p1:ImageOrientation>Axial</d6p1:ImageOrientation>
            <d6p1:ImageOrientation>Axial</d6p1:ImageOrientation>
          </ImageOrientationList>
          <IsDirectDE>true</IsDirectDE>
          <IsFixAxial>true</IsFixAxial>
          <IsOnlineRecon>false</IsOnlineRecon>
          <KernelList>
            <a:string>Qr56</a:string>
            <a:string>Hv56</a:string>
          </KernelList>
          <ReconstructedEnergySpectra i:nil="true" />
        </ReconRepresentation>
      </ReconRepresentations>
      <ScanName>Fas2</ScanName>
      <OrganCharacteristics>Head</OrganCharacteristics>
      <PatientPosition>FaceUpHeadFirst</PatientPosition>
    </ScanRepresentation>
  </ScanRepresentations>
  <TechnicalInformation>-Scan Modes: PremonitoringSequenceChildQuantum2d, MonitoringSequenceChildQuantum2d, RoutineSpiralChildHeadHighresultraQuantum
-Contrast Protocols: Injector [factory]
</TechnicalInformation>
</ProtocolRepresentation>