﻿<?xml version="1.0" encoding="utf-8"?>
<VirtualFolderCollection xmlns:a="http://schemas.microsoft.com/2003/10/Serialization/Arrays" xmlns:cm="http://healthcare.siemens.com/Somaris/Common" xmlns:dm="http://healthcare.siemens.com/Somaris/Domain" xmlns:ec="http://healthcare.siemens.com/Somaris/ExamCommon" xmlns:ex="http://healthcare.siemens.com/Somaris/Exam" xmlns:si="http://healthcare.siemens.com/Somaris/SystemInterface" xmlns:sv="http://healthcare.siemens.com/Somaris/Serv" xmlns:u="http://healthcare.siemens.com/Somaris/Undefined" xmlns:y="http://www.w3.org/2001/XMLSchema" xmlns:i="http://www.w3.org/2001/XMLSchema-instance" xmlns="http://healthcare.siemens.com/Somaris/AppCommon" xmlns:xsi="http://www.w3.org/2001/XMLSchema-instance">
  <Version>10.0.103.0</Version>
  <CollectionOrder>100</CollectionOrder>
  <VirtualFolderRepresentations>
    <VirtualFolderRepresentation>
      <ProtocolBlockOrder>10</ProtocolBlockOrder>
      <BodySize>Adult</BodySize>
      <FolderName>Spine</FolderName>
      <FolderType>AnatomyRegion</FolderType>
      <ProtocolIdentifiers>
        <ProtocolIdentifier>
          <Value>2D46CC36-A362-4BAA-8F30-5BB720D083D0</Value>
        </ProtocolIdentifier>
        <ProtocolIdentifier>
          <Value>33F10F54-5017-4775-92C6-6DDC2F1DA62C</Value>
        </ProtocolIdentifier>
        <ProtocolIdentifier>
          <Value>FF0B1754-AB67-4312-AE0C-F90874A0AF01</Value>
        </ProtocolIdentifier>
        <ProtocolIdentifier>
          <Value>7E45BC27-C432-470B-9DE3-3FAA9FB899D3</Value>
        </ProtocolIdentifier>
      </ProtocolIdentifiers>
    </VirtualFolderRepresentation>
  </VirtualFolderRepresentations>
</VirtualFolderCollection>