<ProtocolRepresentation xmlns:a="http://schemas.microsoft.com/2003/10/Serialization/Arrays" xmlns:cm="http://healthcare.siemens.com/Somaris/Common" xmlns:dm="http://healthcare.siemens.com/Somaris/Domain" xmlns:ec="http://healthcare.siemens.com/Somaris/ExamCommon" xmlns:ex="http://healthcare.siemens.com/Somaris/Exam" xmlns:si="http://healthcare.siemens.com/Somaris/SystemInterface" xmlns:sv="http://healthcare.siemens.com/Somaris/Serv" xmlns:u="http://healthcare.siemens.com/Somaris/Undefined" xmlns:y="http://www.w3.org/2001/XMLSchema" xmlns:i="http://www.w3.org/2001/XMLSchema-instance" xmlns="http://healthcare.siemens.com/Somaris/AppCommon">
  <AssociatedClinicalDecisionTreeIdentifiers />
  <AssociatedContrastProtocolIdentifiers />
  <DepartmentalViaTaskflow></DepartmentalViaTaskflow>
  <LicenseFilterID></LicenseFilterID>
  <Metadata>
    <AreAllEntitiesValid>true</AreAllEntitiesValid>
    <ContrastProtocol>Manual</ContrastProtocol>
    <InRoomScannable>true</InRoomScannable>
    <IsCustomized>true</IsCustomized>
    <IsDoseValid>true</IsDoseValid>
    <IsHidden>false</IsHidden>
    <IsInvalidProtocol>false</IsInvalidProtocol>
    <ModificationIdentifier>05af2001-60ed-491b-bb62-12bbd24d0cf8</ModificationIdentifier>
    <ProtocolCheckinInfo>SPrDUser: SPrDCheckin</ProtocolCheckinInfo>
    <Version>20.0.007.0</Version>
  </Metadata>
  <ProtocolDescription></ProtocolDescription>
  <ProtocolIdentifier>
    <Value>7E45BC27-C432-470B-9DE3-3FAA9FB899D3</Value>
  </ProtocolIdentifier>
  <ProtocolModality>CT</ProtocolModality>
  <ProtocolName>5.61 DT Myelografi ventralt CSF-läckage (N)</ProtocolName>
  <ScanRepresentations>
    <ScanRepresentation i:type="TopoScanRepresentation">
      <BasicScanModeKeyWords>
        <a:string>Scanplanning</a:string>
        <a:string>Topo</a:string>
        <a:string>Child</a:string>
        <a:string>Quantum</a:string>
        <a:string>Sn</a:string>
      </BasicScanModeKeyWords>
      <IsCountingModel>true</IsCountingModel>
      <IsDiagnosticRange>false</IsDiagnosticRange>
      <IsExcludable>true</IsExcludable>
      <IsIncluded>true</IsIncluded>
      <ReconRepresentations>
        <ReconRepresentation i:type="CTReconRepresentation">
          <CompoundReconType>IStandardReconCompound</CompoundReconType>
          <ExtensionData>
            <a:KeyValueOfstringanyType>
              <a:Key>CT.Exam.Recon.Ext.AppCommon.PacsReadyReconRepresentationCreatorExtension</a:Key>
              <a:Value i:type="y:string">noPacsReadyReconTypeId F349C8D9-59C4-433E-8EEC-A4EA12F890DC</a:Value>
            </a:KeyValueOfstringanyType>
          </ExtensionData>
          <IsAutoReconstruction>false</IsAutoReconstruction>
          <IsUserRecon>true</IsUserRecon>
          <ViewingCenter>50</ViewingCenter>
          <ViewingCenterList i:nil="true" />
          <ViewingWidth>350</ViewingWidth>
          <ImageOrientationList xmlns:d6p1="http://schemas.datacontract.org/2004/07/H.Common.DataTypes.Contract.Medical">
            <d6p1:ImageOrientation>Sagittal</d6p1:ImageOrientation>
          </ImageOrientationList>
          <IsDirectDE>false</IsDirectDE>
          <IsFixAxial>false</IsFixAxial>
          <IsOnlineRecon>true</IsOnlineRecon>
          <KernelList>
            <a:string>Tx20</a:string>
          </KernelList>
          <ReconstructedEnergySpectra i:nil="true" />
        </ReconRepresentation>
      </ReconRepresentations>
      <ScanName>Topogram</ScanName>
      <OrganCharacteristics>Head</OrganCharacteristics>
      <PatientPosition>FaceDownHeadFirst</PatientPosition>
      <TubePositionGantryRelated>Left</TubePositionGantryRelated>
    </ScanRepresentation>
    <ScanRepresentation i:type="TopoScanRepresentation">
      <BasicScanModeKeyWords>
        <a:string>Scanplanning</a:string>
        <a:string>Topo</a:string>
        <a:string>Child</a:string>
        <a:string>Quantum</a:string>
        <a:string>Sn</a:string>
      </BasicScanModeKeyWords>
      <IsCountingModel>true</IsCountingModel>
      <IsDiagnosticRange>false</IsDiagnosticRange>
      <IsExcludable>true</IsExcludable>
      <IsIncluded>true</IsIncluded>
      <ReconRepresentations>
        <ReconRepresentation i:type="CTReconRepresentation">
          <CompoundReconType>IStandardReconCompound</CompoundReconType>
          <ExtensionData>
            <a:KeyValueOfstringanyType>
              <a:Key>CT.Exam.Recon.Ext.AppCommon.PacsReadyReconRepresentationCreatorExtension</a:Key>
              <a:Value i:type="y:string">noPacsReadyReconTypeId F349C8D9-59C4-433E-8EEC-A4EA12F890DC</a:Value>
            </a:KeyValueOfstringanyType>
          </ExtensionData>
          <IsAutoReconstruction>false</IsAutoReconstruction>
          <IsUserRecon>true</IsUserRecon>
          <ViewingCenter>50</ViewingCenter>
          <ViewingCenterList i:nil="true" />
          <ViewingWidth>350</ViewingWidth>
          <ImageOrientationList xmlns:d6p1="http://schemas.datacontract.org/2004/07/H.Common.DataTypes.Contract.Medical">
            <d6p1:ImageOrientation>Coronal</d6p1:ImageOrientation>
          </ImageOrientationList>
          <IsDirectDE>false</IsDirectDE>
          <IsFixAxial>false</IsFixAxial>
          <IsOnlineRecon>true</IsOnlineRecon>
          <KernelList>
            <a:string>Tx20</a:string>
          </KernelList>
          <ReconstructedEnergySpectra i:nil="true" />
        </ReconRepresentation>
      </ReconRepresentations>
      <ScanName>Topogram</ScanName>
      <OrganCharacteristics>Head</OrganCharacteristics>
      <PatientPosition>FaceDownHeadFirst</PatientPosition>
      <TubePositionGantryRelated>Top</TubePositionGantryRelated>
    </ScanRepresentation>
    <ScanRepresentation i:type="CTScanRepresentation">
      <BasicScanModeKeyWords>
        <a:string>Routine</a:string>
        <a:string>Flash</a:string>
        <a:string>Spiral</a:string>
        <a:string>Adult</a:string>
        <a:string>Thorax</a:string>
        <a:string>Highresultra</a:string>
        <a:string>Quantum</a:string>
      </BasicScanModeKeyWords>
      <IsCountingModel>true</IsCountingModel>
      <IsDiagnosticRange>true</IsDiagnosticRange>
      <IsExcludable>false</IsExcludable>
      <IsIncluded>true</IsIncluded>
      <ReconRepresentations>
        <ReconRepresentation i:type="CTReconRepresentation">
          <CompoundReconType>IStandardReconCompound</CompoundReconType>
          <ExtensionData>
            <a:KeyValueOfstringanyType>
              <a:Key>CT.Exam.Recon.Ext.AppCommon.PacsReadyReconRepresentationCreatorExtension</a:Key>
              <a:Value i:type="y:string">noPacsReadyReconTypeId F349C8D9-59C4-433E-8EEC-A4EA12F890DC</a:Value>
            </a:KeyValueOfstringanyType>
          </ExtensionData>
          <IsAutoReconstruction>false</IsAutoReconstruction>
          <IsUserRecon>true</IsUserRecon>
          <ViewingCenter>500</ViewingCenter>
          <ViewingCenterList i:nil="true" />
          <ViewingWidth>2500</ViewingWidth>
          <ImageOrientationList xmlns:d6p1="http://schemas.datacontract.org/2004/07/H.Common.DataTypes.Contract.Medical">
            <d6p1:ImageOrientation>Axial</d6p1:ImageOrientation>
          </ImageOrientationList>
          <IsDirectDE>false</IsDirectDE>
          <IsFixAxial>true</IsFixAxial>
          <IsOnlineRecon>false</IsOnlineRecon>
          <KernelList>
            <a:string>Sh48</a:string>
          </KernelList>
          <ReconstructedEnergySpectra i:nil="true" />
        </ReconRepresentation>
      </ReconRepresentations>
      <ScanName>GML</ScanName>
      <OrganCharacteristics>Thorax</OrganCharacteristics>
      <PatientPosition>FaceDownHeadFirst</PatientPosition>
    </ScanRepresentation>
    <ScanRepresentation i:type="CTScanRepresentation">
      <BasicScanModeKeyWords>
        <a:string>Routine</a:string>
        <a:string>Flash</a:string>
        <a:string>Spiral</a:string>
        <a:string>Adult</a:string>
        <a:string>Thorax</a:string>
        <a:string>Highresultra</a:string>
        <a:string>Quantum</a:string>
      </BasicScanModeKeyWords>
      <IsCountingModel>true</IsCountingModel>
      <IsDiagnosticRange>true</IsDiagnosticRange>
      <IsExcludable>false</IsExcludable>
      <IsIncluded>true</IsIncluded>
      <ReconRepresentations>
        <ReconRepresentation i:type="CTReconRepresentation">
          <CompoundReconType>IStandardReconCompound</CompoundReconType>
          <ExtensionData>
            <a:KeyValueOfstringanyType>
              <a:Key>CT.Exam.Recon.Ext.AppCommon.PacsReadyReconRepresentationCreatorExtension</a:Key>
              <a:Value i:type="y:string">noPacsReadyReconTypeId F349C8D9-59C4-433E-8EEC-A4EA12F890DC</a:Value>
            </a:KeyValueOfstringanyType>
          </ExtensionData>
          <IsAutoReconstruction>false</IsAutoReconstruction>
          <IsUserRecon>true</IsUserRecon>
          <ViewingCenter>200</ViewingCenter>
          <ViewingCenterList i:nil="true" />
          <ViewingWidth>700</ViewingWidth>
          <ImageOrientationList xmlns:d6p1="http://schemas.datacontract.org/2004/07/H.Common.DataTypes.Contract.Medical">
            <d6p1:ImageOrientation>Axial</d6p1:ImageOrientation>
          </ImageOrientationList>
          <IsDirectDE>false</IsDirectDE>
          <IsFixAxial>true</IsFixAxial>
          <IsOnlineRecon>false</IsOnlineRecon>
          <KernelList>
            <a:string>Hr56</a:string>
          </KernelList>
          <ReconstructedEnergySpectra i:nil="true" />
        </ReconRepresentation>
        <ReconRepresentation i:type="CTReconRepresentation">
          <CompoundReconType>IStandardReconCompound</CompoundReconType>
          <ExtensionData>
            <a:KeyValueOfstringanyType>
              <a:Key>CT.Exam.Recon.Ext.AppCommon.PacsReadyReconRepresentationCreatorExtension</a:Key>
              <a:Value i:type="y:string">noPacsReadyReconTypeId F349C8D9-59C4-433E-8EEC-A4EA12F890DC</a:Value>
            </a:KeyValueOfstringanyType>
          </ExtensionData>
          <IsAutoReconstruction>false</IsAutoReconstruction>
          <IsUserRecon>true</IsUserRecon>
          <ViewingCenter>200</ViewingCenter>
          <ViewingCenterList i:nil="true" />
          <ViewingWidth>700</ViewingWidth>
          <ImageOrientationList xmlns:d6p1="http://schemas.datacontract.org/2004/07/H.Common.DataTypes.Contract.Medical">
            <d6p1:ImageOrientation>Axial</d6p1:ImageOrientation>
          </ImageOrientationList>
          <IsDirectDE>false</IsDirectDE>
          <IsFixAxial>true</IsFixAxial>
          <IsOnlineRecon>false</IsOnlineRecon>
          <KernelList>
            <a:string>Sh48</a:string>
          </KernelList>
          <ReconstructedEnergySpectra i:nil="true" />
        </ReconRepresentation>
        <ReconRepresentation i:type="CTReconRepresentation">
          <CompoundReconType>IStandardReconCompound</CompoundReconType>
          <ExtensionData>
            <a:KeyValueOfstringanyType>
              <a:Key>CT.Exam.Recon.Ext.AppCommon.PacsReadyReconRepresentationCreatorExtension</a:Key>
              <a:Value i:type="y:string">noPacsReadyReconTypeId F349C8D9-59C4-433E-8EEC-A4EA12F890DC</a:Value>
            </a:KeyValueOfstringanyType>
          </ExtensionData>
          <IsAutoReconstruction>false</IsAutoReconstruction>
          <IsUserRecon>true</IsUserRecon>
          <ViewingCenter>200</ViewingCenter>
          <ViewingCenterList i:nil="true" />
          <ViewingWidth>700</ViewingWidth>
          <ImageOrientationList xmlns:d6p1="http://schemas.datacontract.org/2004/07/H.Common.DataTypes.Contract.Medical">
            <d6p1:ImageOrientation>Axial</d6p1:ImageOrientation>
          </ImageOrientationList>
          <IsDirectDE>false</IsDirectDE>
          <IsFixAxial>true</IsFixAxial>
          <IsOnlineRecon>false</IsOnlineRecon>
          <KernelList>
            <a:string>Qr68</a:string>
          </KernelList>
          <ReconstructedEnergySpectra i:nil="true" />
        </ReconRepresentation>
        <ReconRepresentation i:type="CTReconRepresentation">
          <CompoundReconType>IMultiOrientation2ReconCompound</CompoundReconType>
          <ExtensionData>
            <a:KeyValueOfstringanyType>
              <a:Key>CT.Exam.Recon.Ext.AppCommon.PacsReadyReconRepresentationCreatorExtension</a:Key>
              <a:Value i:type="y:string">noPacsReadyReconTypeId F349C8D9-59C4-433E-8EEC-A4EA12F890DC</a:Value>
            </a:KeyValueOfstringanyType>
          </ExtensionData>
          <IsAutoReconstruction>false</IsAutoReconstruction>
          <IsUserRecon>true</IsUserRecon>
          <ViewingCenter>200</ViewingCenter>
          <ViewingCenterList>
            <a:int>200</a:int>
            <a:int>200</a:int>
          </ViewingCenterList>
          <ViewingWidth>700</ViewingWidth>
          <ImageOrientationList xmlns:d6p1="http://schemas.datacontract.org/2004/07/H.Common.DataTypes.Contract.Medical">
            <d6p1:ImageOrientation>Sagittal</d6p1:ImageOrientation>
            <d6p1:ImageOrientation>Coronal</d6p1:ImageOrientation>
          </ImageOrientationList>
          <IsDirectDE>false</IsDirectDE>
          <IsFixAxial>false</IsFixAxial>
          <IsOnlineRecon>false</IsOnlineRecon>
          <KernelList>
            <a:string>Hr56</a:string>
            <a:string>Hr56</a:string>
          </KernelList>
          <ReconstructedEnergySpectra i:nil="true" />
        </ReconRepresentation>
      </ReconRepresentations>
      <ScanName>Fas0-Nativ</ScanName>
      <OrganCharacteristics>Thorax</OrganCharacteristics>
      <PatientPosition>FaceDownHeadFirst</PatientPosition>
    </ScanRepresentation>
    <ScanRepresentation i:type="CTScanRepresentation">
      <BasicScanModeKeyWords>
        <a:string>Routine</a:string>
        <a:string>Flash</a:string>
        <a:string>Spiral</a:string>
        <a:string>Adult</a:string>
        <a:string>Thorax</a:string>
        <a:string>Highresultra</a:string>
        <a:string>Quantum</a:string>
      </BasicScanModeKeyWords>
      <IsCountingModel>true</IsCountingModel>
      <IsDiagnosticRange>true</IsDiagnosticRange>
      <IsExcludable>false</IsExcludable>
      <IsIncluded>true</IsIncluded>
      <ReconRepresentations>
        <ReconRepresentation i:type="CTReconRepresentation">
          <CompoundReconType>IStandardReconCompound</CompoundReconType>
          <ExtensionData>
            <a:KeyValueOfstringanyType>
              <a:Key>CT.Exam.Recon.Ext.AppCommon.PacsReadyReconRepresentationCreatorExtension</a:Key>
              <a:Value i:type="y:string">noPacsReadyReconTypeId F349C8D9-59C4-433E-8EEC-A4EA12F890DC</a:Value>
            </a:KeyValueOfstringanyType>
          </ExtensionData>
          <IsAutoReconstruction>false</IsAutoReconstruction>
          <IsUserRecon>true</IsUserRecon>
          <ViewingCenter>500</ViewingCenter>
          <ViewingCenterList i:nil="true" />
          <ViewingWidth>2500</ViewingWidth>
          <ImageOrientationList xmlns:d6p1="http://schemas.datacontract.org/2004/07/H.Common.DataTypes.Contract.Medical">
            <d6p1:ImageOrientation>Axial</d6p1:ImageOrientation>
          </ImageOrientationList>
          <IsDirectDE>false</IsDirectDE>
          <IsFixAxial>true</IsFixAxial>
          <IsOnlineRecon>false</IsOnlineRecon>
          <KernelList>
            <a:string>Sh48</a:string>
          </KernelList>
          <ReconstructedEnergySpectra i:nil="true" />
        </ReconRepresentation>
      </ReconRepresentations>
      <ScanName>GML-KontrollAvKontrast</ScanName>
      <OrganCharacteristics>Thorax</OrganCharacteristics>
      <PatientPosition>FaceDownHeadFirst</PatientPosition>
    </ScanRepresentation>
    <ScanRepresentation i:type="CTScanRepresentation">
      <BasicScanModeKeyWords>
        <a:string>Routine</a:string>
        <a:string>Flash</a:string>
        <a:string>Spiral</a:string>
        <a:string>Adult</a:string>
        <a:string>Thorax</a:string>
        <a:string>Highresultra</a:string>
        <a:string>Quantum</a:string>
      </BasicScanModeKeyWords>
      <IsCountingModel>true</IsCountingModel>
      <IsDiagnosticRange>true</IsDiagnosticRange>
      <IsExcludable>false</IsExcludable>
      <IsIncluded>true</IsIncluded>
      <ReconRepresentations>
        <ReconRepresentation i:type="CTReconRepresentation">
          <CompoundReconType>IStandardReconCompound</CompoundReconType>
          <ExtensionData>
            <a:KeyValueOfstringanyType>
              <a:Key>CT.Exam.Recon.Ext.AppCommon.PacsReadyReconRepresentationCreatorExtension</a:Key>
              <a:Value i:type="y:string">noPacsReadyReconTypeId F349C8D9-59C4-433E-8EEC-A4EA12F890DC</a:Value>
            </a:KeyValueOfstringanyType>
          </ExtensionData>
          <IsAutoReconstruction>false</IsAutoReconstruction>
          <IsUserRecon>true</IsUserRecon>
          <ViewingCenter>200</ViewingCenter>
          <ViewingCenterList i:nil="true" />
          <ViewingWidth>700</ViewingWidth>
          <ImageOrientationList xmlns:d6p1="http://schemas.datacontract.org/2004/07/H.Common.DataTypes.Contract.Medical">
            <d6p1:ImageOrientation>Axial</d6p1:ImageOrientation>
          </ImageOrientationList>
          <IsDirectDE>false</IsDirectDE>
          <IsFixAxial>true</IsFixAxial>
          <IsOnlineRecon>false</IsOnlineRecon>
          <KernelList>
            <a:string>Hr56</a:string>
          </KernelList>
          <ReconstructedEnergySpectra i:nil="true" />
        </ReconRepresentation>
        <ReconRepresentation i:type="CTReconRepresentation">
          <CompoundReconType>IStandardReconCompound</CompoundReconType>
          <ExtensionData>
            <a:KeyValueOfstringanyType>
              <a:Key>CT.Exam.Recon.Ext.AppCommon.PacsReadyReconRepresentationCreatorExtension</a:Key>
              <a:Value i:type="y:string">noPacsReadyReconTypeId F349C8D9-59C4-433E-8EEC-A4EA12F890DC</a:Value>
            </a:KeyValueOfstringanyType>
          </ExtensionData>
          <IsAutoReconstruction>false</IsAutoReconstruction>
          <IsUserRecon>true</IsUserRecon>
          <ViewingCenter>200</ViewingCenter>
          <ViewingCenterList i:nil="true" />
          <ViewingWidth>700</ViewingWidth>
          <ImageOrientationList xmlns:d6p1="http://schemas.datacontract.org/2004/07/H.Common.DataTypes.Contract.Medical">
            <d6p1:ImageOrientation>Axial</d6p1:ImageOrientation>
          </ImageOrientationList>
          <IsDirectDE>false</IsDirectDE>
          <IsFixAxial>true</IsFixAxial>
          <IsOnlineRecon>false</IsOnlineRecon>
          <KernelList>
            <a:string>Sh48</a:string>
          </KernelList>
          <ReconstructedEnergySpectra i:nil="true" />
        </ReconRepresentation>
        <ReconRepresentation i:type="CTReconRepresentation">
          <CompoundReconType>IStandardReconCompound</CompoundReconType>
          <ExtensionData>
            <a:KeyValueOfstringanyType>
              <a:Key>CT.Exam.Recon.Ext.AppCommon.PacsReadyReconRepresentationCreatorExtension</a:Key>
              <a:Value i:type="y:string">noPacsReadyReconTypeId F349C8D9-59C4-433E-8EEC-A4EA12F890DC</a:Value>
            </a:KeyValueOfstringanyType>
          </ExtensionData>
          <IsAutoReconstruction>false</IsAutoReconstruction>
          <IsUserRecon>true</IsUserRecon>
          <ViewingCenter>200</ViewingCenter>
          <ViewingCenterList i:nil="true" />
          <ViewingWidth>700</ViewingWidth>
          <ImageOrientationList xmlns:d6p1="http://schemas.datacontract.org/2004/07/H.Common.DataTypes.Contract.Medical">
            <d6p1:ImageOrientation>Axial</d6p1:ImageOrientation>
          </ImageOrientationList>
          <IsDirectDE>false</IsDirectDE>
          <IsFixAxial>true</IsFixAxial>
          <IsOnlineRecon>false</IsOnlineRecon>
          <KernelList>
            <a:string>Qr68</a:string>
          </KernelList>
          <ReconstructedEnergySpectra i:nil="true" />
        </ReconRepresentation>
        <ReconRepresentation i:type="CTReconRepresentation">
          <CompoundReconType>IMultiOrientation2ReconCompound</CompoundReconType>
          <ExtensionData>
            <a:KeyValueOfstringanyType>
              <a:Key>CT.Exam.Recon.Ext.AppCommon.PacsReadyReconRepresentationCreatorExtension</a:Key>
              <a:Value i:type="y:string">noPacsReadyReconTypeId F349C8D9-59C4-433E-8EEC-A4EA12F890DC</a:Value>
            </a:KeyValueOfstringanyType>
          </ExtensionData>
          <IsAutoReconstruction>false</IsAutoReconstruction>
          <IsUserRecon>true</IsUserRecon>
          <ViewingCenter>200</ViewingCenter>
          <ViewingCenterList>
            <a:int>200</a:int>
            <a:int>200</a:int>
          </ViewingCenterList>
          <ViewingWidth>700</ViewingWidth>
          <ImageOrientationList xmlns:d6p1="http://schemas.datacontract.org/2004/07/H.Common.DataTypes.Contract.Medical">
            <d6p1:ImageOrientation>Sagittal</d6p1:ImageOrientation>
            <d6p1:ImageOrientation>Coronal</d6p1:ImageOrientation>
          </ImageOrientationList>
          <IsDirectDE>false</IsDirectDE>
          <IsFixAxial>false</IsFixAxial>
          <IsOnlineRecon>false</IsOnlineRecon>
          <KernelList>
            <a:string>Hr56</a:string>
            <a:string>Hr56</a:string>
          </KernelList>
          <ReconstructedEnergySpectra i:nil="true" />
        </ReconRepresentation>
      </ReconRepresentations>
      <ScanName>Fas1</ScanName>
      <OrganCharacteristics>Thorax</OrganCharacteristics>
      <PatientPosition>FaceDownHeadFirst</PatientPosition>
    </ScanRepresentation>
    <ScanRepresentation i:type="CTScanRepresentation">
      <BasicScanModeKeyWords>
        <a:string>Routine</a:string>
        <a:string>Flash</a:string>
        <a:string>Spiral</a:string>
        <a:string>Adult</a:string>
        <a:string>Thorax</a:string>
        <a:string>Highresultra</a:string>
        <a:string>Quantum</a:string>
      </BasicScanModeKeyWords>
      <IsCountingModel>true</IsCountingModel>
      <IsDiagnosticRange>true</IsDiagnosticRange>
      <IsExcludable>false</IsExcludable>
      <IsIncluded>true</IsIncluded>
      <ReconRepresentations>
        <ReconRepresentation i:type="CTReconRepresentation">
          <CompoundReconType>IStandardReconCompound</CompoundReconType>
          <ExtensionData>
            <a:KeyValueOfstringanyType>
              <a:Key>CT.Exam.Recon.Ext.AppCommon.PacsReadyReconRepresentationCreatorExtension</a:Key>
              <a:Value i:type="y:string">noPacsReadyReconTypeId F349C8D9-59C4-433E-8EEC-A4EA12F890DC</a:Value>
            </a:KeyValueOfstringanyType>
          </ExtensionData>
          <IsAutoReconstruction>false</IsAutoReconstruction>
          <IsUserRecon>true</IsUserRecon>
          <ViewingCenter>200</ViewingCenter>
          <ViewingCenterList i:nil="true" />
          <ViewingWidth>700</ViewingWidth>
          <ImageOrientationList xmlns:d6p1="http://schemas.datacontract.org/2004/07/H.Common.DataTypes.Contract.Medical">
            <d6p1:ImageOrientation>Axial</d6p1:ImageOrientation>
          </ImageOrientationList>
          <IsDirectDE>false</IsDirectDE>
          <IsFixAxial>true</IsFixAxial>
          <IsOnlineRecon>false</IsOnlineRecon>
          <KernelList>
            <a:string>Hr56</a:string>
          </KernelList>
          <ReconstructedEnergySpectra i:nil="true" />
        </ReconRepresentation>
        <ReconRepresentation i:type="CTReconRepresentation">
          <CompoundReconType>IStandardReconCompound</CompoundReconType>
          <ExtensionData>
            <a:KeyValueOfstringanyType>
              <a:Key>CT.Exam.Recon.Ext.AppCommon.PacsReadyReconRepresentationCreatorExtension</a:Key>
              <a:Value i:type="y:string">noPacsReadyReconTypeId F349C8D9-59C4-433E-8EEC-A4EA12F890DC</a:Value>
            </a:KeyValueOfstringanyType>
          </ExtensionData>
          <IsAutoReconstruction>false</IsAutoReconstruction>
          <IsUserRecon>true</IsUserRecon>
          <ViewingCenter>200</ViewingCenter>
          <ViewingCenterList i:nil="true" />
          <ViewingWidth>700</ViewingWidth>
          <ImageOrientationList xmlns:d6p1="http://schemas.datacontract.org/2004/07/H.Common.DataTypes.Contract.Medical">
            <d6p1:ImageOrientation>Axial</d6p1:ImageOrientation>
          </ImageOrientationList>
          <IsDirectDE>false</IsDirectDE>
          <IsFixAxial>true</IsFixAxial>
          <IsOnlineRecon>false</IsOnlineRecon>
          <KernelList>
            <a:string>Sh48</a:string>
          </KernelList>
          <ReconstructedEnergySpectra i:nil="true" />
        </ReconRepresentation>
        <ReconRepresentation i:type="CTReconRepresentation">
          <CompoundReconType>IStandardReconCompound</CompoundReconType>
          <ExtensionData>
            <a:KeyValueOfstringanyType>
              <a:Key>CT.Exam.Recon.Ext.AppCommon.PacsReadyReconRepresentationCreatorExtension</a:Key>
              <a:Value i:type="y:string">noPacsReadyReconTypeId F349C8D9-59C4-433E-8EEC-A4EA12F890DC</a:Value>
            </a:KeyValueOfstringanyType>
          </ExtensionData>
          <IsAutoReconstruction>false</IsAutoReconstruction>
          <IsUserRecon>true</IsUserRecon>
          <ViewingCenter>200</ViewingCenter>
          <ViewingCenterList i:nil="true" />
          <ViewingWidth>700</ViewingWidth>
          <ImageOrientationList xmlns:d6p1="http://schemas.datacontract.org/2004/07/H.Common.DataTypes.Contract.Medical">
            <d6p1:ImageOrientation>Axial</d6p1:ImageOrientation>
          </ImageOrientationList>
          <IsDirectDE>false</IsDirectDE>
          <IsFixAxial>true</IsFixAxial>
          <IsOnlineRecon>false</IsOnlineRecon>
          <KernelList>
            <a:string>Qr68</a:string>
          </KernelList>
          <ReconstructedEnergySpectra i:nil="true" />
        </ReconRepresentation>
        <ReconRepresentation i:type="CTReconRepresentation">
          <CompoundReconType>IMultiOrientation2ReconCompound</CompoundReconType>
          <ExtensionData>
            <a:KeyValueOfstringanyType>
              <a:Key>CT.Exam.Recon.Ext.AppCommon.PacsReadyReconRepresentationCreatorExtension</a:Key>
              <a:Value i:type="y:string">noPacsReadyReconTypeId F349C8D9-59C4-433E-8EEC-A4EA12F890DC</a:Value>
            </a:KeyValueOfstringanyType>
          </ExtensionData>
          <IsAutoReconstruction>false</IsAutoReconstruction>
          <IsUserRecon>true</IsUserRecon>
          <ViewingCenter>200</ViewingCenter>
          <ViewingCenterList>
            <a:int>200</a:int>
            <a:int>200</a:int>
          </ViewingCenterList>
          <ViewingWidth>700</ViewingWidth>
          <ImageOrientationList xmlns:d6p1="http://schemas.datacontract.org/2004/07/H.Common.DataTypes.Contract.Medical">
            <d6p1:ImageOrientation>Sagittal</d6p1:ImageOrientation>
            <d6p1:ImageOrientation>Coronal</d6p1:ImageOrientation>
          </ImageOrientationList>
          <IsDirectDE>false</IsDirectDE>
          <IsFixAxial>false</IsFixAxial>
          <IsOnlineRecon>false</IsOnlineRecon>
          <KernelList>
            <a:string>Hr56</a:string>
            <a:string>Hr56</a:string>
          </KernelList>
          <ReconstructedEnergySpectra i:nil="true" />
        </ReconRepresentation>
      </ReconRepresentations>
      <ScanName>Fas2</ScanName>
      <OrganCharacteristics>Thorax</OrganCharacteristics>
      <PatientPosition>FaceDownHeadFirst</PatientPosition>
    </ScanRepresentation>
    <ScanRepresentation i:type="CTScanRepresentation">
      <BasicScanModeKeyWords>
        <a:string>Routine</a:string>
        <a:string>Flash</a:string>
        <a:string>Spiral</a:string>
        <a:string>Adult</a:string>
        <a:string>Thorax</a:string>
        <a:string>Highresultra</a:string>
        <a:string>Quantum</a:string>
      </BasicScanModeKeyWords>
      <IsCountingModel>true</IsCountingModel>
      <IsDiagnosticRange>true</IsDiagnosticRange>
      <IsExcludable>false</IsExcludable>
      <IsIncluded>true</IsIncluded>
      <ReconRepresentations>
        <ReconRepresentation i:type="CTReconRepresentation">
          <CompoundReconType>IStandardReconCompound</CompoundReconType>
          <ExtensionData>
            <a:KeyValueOfstringanyType>
              <a:Key>CT.Exam.Recon.Ext.AppCommon.PacsReadyReconRepresentationCreatorExtension</a:Key>
              <a:Value i:type="y:string">noPacsReadyReconTypeId F349C8D9-59C4-433E-8EEC-A4EA12F890DC</a:Value>
            </a:KeyValueOfstringanyType>
          </ExtensionData>
          <IsAutoReconstruction>false</IsAutoReconstruction>
          <IsUserRecon>true</IsUserRecon>
          <ViewingCenter>200</ViewingCenter>
          <ViewingCenterList i:nil="true" />
          <ViewingWidth>700</ViewingWidth>
          <ImageOrientationList xmlns:d6p1="http://schemas.datacontract.org/2004/07/H.Common.DataTypes.Contract.Medical">
            <d6p1:ImageOrientation>Axial</d6p1:ImageOrientation>
          </ImageOrientationList>
          <IsDirectDE>false</IsDirectDE>
          <IsFixAxial>true</IsFixAxial>
          <IsOnlineRecon>false</IsOnlineRecon>
          <KernelList>
            <a:string>Hr56</a:string>
          </KernelList>
          <ReconstructedEnergySpectra i:nil="true" />
        </ReconRepresentation>
        <ReconRepresentation i:type="CTReconRepresentation">
          <CompoundReconType>IStandardReconCompound</CompoundReconType>
          <ExtensionData>
            <a:KeyValueOfstringanyType>
              <a:Key>CT.Exam.Recon.Ext.AppCommon.PacsReadyReconRepresentationCreatorExtension</a:Key>
              <a:Value i:type="y:string">noPacsReadyReconTypeId F349C8D9-59C4-433E-8EEC-A4EA12F890DC</a:Value>
            </a:KeyValueOfstringanyType>
          </ExtensionData>
          <IsAutoReconstruction>false</IsAutoReconstruction>
          <IsUserRecon>true</IsUserRecon>
          <ViewingCenter>200</ViewingCenter>
          <ViewingCenterList i:nil="true" />
          <ViewingWidth>700</ViewingWidth>
          <ImageOrientationList xmlns:d6p1="http://schemas.datacontract.org/2004/07/H.Common.DataTypes.Contract.Medical">
            <d6p1:ImageOrientation>Axial</d6p1:ImageOrientation>
          </ImageOrientationList>
          <IsDirectDE>false</IsDirectDE>
          <IsFixAxial>true</IsFixAxial>
          <IsOnlineRecon>false</IsOnlineRecon>
          <KernelList>
            <a:string>Sh48</a:string>
          </KernelList>
          <ReconstructedEnergySpectra i:nil="true" />
        </ReconRepresentation>
        <ReconRepresentation i:type="CTReconRepresentation">
          <CompoundReconType>IStandardReconCompound</CompoundReconType>
          <ExtensionData>
            <a:KeyValueOfstringanyType>
              <a:Key>CT.Exam.Recon.Ext.AppCommon.PacsReadyReconRepresentationCreatorExtension</a:Key>
              <a:Value i:type="y:string">noPacsReadyReconTypeId F349C8D9-59C4-433E-8EEC-A4EA12F890DC</a:Value>
            </a:KeyValueOfstringanyType>
          </ExtensionData>
          <IsAutoReconstruction>false</IsAutoReconstruction>
          <IsUserRecon>true</IsUserRecon>
          <ViewingCenter>200</ViewingCenter>
          <ViewingCenterList i:nil="true" />
          <ViewingWidth>700</ViewingWidth>
          <ImageOrientationList xmlns:d6p1="http://schemas.datacontract.org/2004/07/H.Common.DataTypes.Contract.Medical">
            <d6p1:ImageOrientation>Axial</d6p1:ImageOrientation>
          </ImageOrientationList>
          <IsDirectDE>false</IsDirectDE>
          <IsFixAxial>true</IsFixAxial>
          <IsOnlineRecon>false</IsOnlineRecon>
          <KernelList>
            <a:string>Qr68</a:string>
          </KernelList>
          <ReconstructedEnergySpectra i:nil="true" />
        </ReconRepresentation>
        <ReconRepresentation i:type="CTReconRepresentation">
          <CompoundReconType>IMultiOrientation2ReconCompound</CompoundReconType>
          <ExtensionData>
            <a:KeyValueOfstringanyType>
              <a:Key>CT.Exam.Recon.Ext.AppCommon.PacsReadyReconRepresentationCreatorExtension</a:Key>
              <a:Value i:type="y:string">noPacsReadyReconTypeId F349C8D9-59C4-433E-8EEC-A4EA12F890DC</a:Value>
            </a:KeyValueOfstringanyType>
          </ExtensionData>
          <IsAutoReconstruction>false</IsAutoReconstruction>
          <IsUserRecon>true</IsUserRecon>
          <ViewingCenter>200</ViewingCenter>
          <ViewingCenterList>
            <a:int>200</a:int>
            <a:int>200</a:int>
          </ViewingCenterList>
          <ViewingWidth>700</ViewingWidth>
          <ImageOrientationList xmlns:d6p1="http://schemas.datacontract.org/2004/07/H.Common.DataTypes.Contract.Medical">
            <d6p1:ImageOrientation>Sagittal</d6p1:ImageOrientation>
            <d6p1:ImageOrientation>Coronal</d6p1:ImageOrientation>
          </ImageOrientationList>
          <IsDirectDE>false</IsDirectDE>
          <IsFixAxial>false</IsFixAxial>
          <IsOnlineRecon>false</IsOnlineRecon>
          <KernelList>
            <a:string>Hr56</a:string>
            <a:string>Hr56</a:string>
          </KernelList>
          <ReconstructedEnergySpectra i:nil="true" />
        </ReconRepresentation>
      </ReconRepresentations>
      <ScanName>Fas3</ScanName>
      <OrganCharacteristics>Thorax</OrganCharacteristics>
      <PatientPosition>FaceDownHeadFirst</PatientPosition>
    </ScanRepresentation>
    <ScanRepresentation i:type="CTScanRepresentation">
      <BasicScanModeKeyWords>
        <a:string>Routine</a:string>
        <a:string>Flash</a:string>
        <a:string>Spiral</a:string>
        <a:string>Adult</a:string>
        <a:string>Thorax</a:string>
        <a:string>Highresultra</a:string>
        <a:string>Quantum</a:string>
      </BasicScanModeKeyWords>
      <IsCountingModel>true</IsCountingModel>
      <IsDiagnosticRange>true</IsDiagnosticRange>
      <IsExcludable>false</IsExcludable>
      <IsIncluded>true</IsIncluded>
      <ReconRepresentations>
        <ReconRepresentation i:type="CTReconRepresentation">
          <CompoundReconType>IStandardReconCompound</CompoundReconType>
          <ExtensionData>
            <a:KeyValueOfstringanyType>
              <a:Key>CT.Exam.Recon.Ext.AppCommon.PacsReadyReconRepresentationCreatorExtension</a:Key>
              <a:Value i:type="y:string">noPacsReadyReconTypeId F349C8D9-59C4-433E-8EEC-A4EA12F890DC</a:Value>
            </a:KeyValueOfstringanyType>
          </ExtensionData>
          <IsAutoReconstruction>false</IsAutoReconstruction>
          <IsUserRecon>true</IsUserRecon>
          <ViewingCenter>200</ViewingCenter>
          <ViewingCenterList i:nil="true" />
          <ViewingWidth>700</ViewingWidth>
          <ImageOrientationList xmlns:d6p1="http://schemas.datacontract.org/2004/07/H.Common.DataTypes.Contract.Medical">
            <d6p1:ImageOrientation>Axial</d6p1:ImageOrientation>
          </ImageOrientationList>
          <IsDirectDE>false</IsDirectDE>
          <IsFixAxial>true</IsFixAxial>
          <IsOnlineRecon>false</IsOnlineRecon>
          <KernelList>
            <a:string>Hr56</a:string>
          </KernelList>
          <ReconstructedEnergySpectra i:nil="true" />
        </ReconRepresentation>
        <ReconRepresentation i:type="CTReconRepresentation">
          <CompoundReconType>IStandardReconCompound</CompoundReconType>
          <ExtensionData>
            <a:KeyValueOfstringanyType>
              <a:Key>CT.Exam.Recon.Ext.AppCommon.PacsReadyReconRepresentationCreatorExtension</a:Key>
              <a:Value i:type="y:string">noPacsReadyReconTypeId F349C8D9-59C4-433E-8EEC-A4EA12F890DC</a:Value>
            </a:KeyValueOfstringanyType>
          </ExtensionData>
          <IsAutoReconstruction>false</IsAutoReconstruction>
          <IsUserRecon>true</IsUserRecon>
          <ViewingCenter>200</ViewingCenter>
          <ViewingCenterList i:nil="true" />
          <ViewingWidth>700</ViewingWidth>
          <ImageOrientationList xmlns:d6p1="http://schemas.datacontract.org/2004/07/H.Common.DataTypes.Contract.Medical">
            <d6p1:ImageOrientation>Axial</d6p1:ImageOrientation>
          </ImageOrientationList>
          <IsDirectDE>false</IsDirectDE>
          <IsFixAxial>true</IsFixAxial>
          <IsOnlineRecon>false</IsOnlineRecon>
          <KernelList>
            <a:string>Sh48</a:string>
          </KernelList>
          <ReconstructedEnergySpectra i:nil="true" />
        </ReconRepresentation>
        <ReconRepresentation i:type="CTReconRepresentation">
          <CompoundReconType>IStandardReconCompound</CompoundReconType>
          <ExtensionData>
            <a:KeyValueOfstringanyType>
              <a:Key>CT.Exam.Recon.Ext.AppCommon.PacsReadyReconRepresentationCreatorExtension</a:Key>
              <a:Value i:type="y:string">noPacsReadyReconTypeId F349C8D9-59C4-433E-8EEC-A4EA12F890DC</a:Value>
            </a:KeyValueOfstringanyType>
          </ExtensionData>
          <IsAutoReconstruction>false</IsAutoReconstruction>
          <IsUserRecon>true</IsUserRecon>
          <ViewingCenter>200</ViewingCenter>
          <ViewingCenterList i:nil="true" />
          <ViewingWidth>700</ViewingWidth>
          <ImageOrientationList xmlns:d6p1="http://schemas.datacontract.org/2004/07/H.Common.DataTypes.Contract.Medical">
            <d6p1:ImageOrientation>Axial</d6p1:ImageOrientation>
          </ImageOrientationList>
          <IsDirectDE>false</IsDirectDE>
          <IsFixAxial>true</IsFixAxial>
          <IsOnlineRecon>false</IsOnlineRecon>
          <KernelList>
            <a:string>Qr68</a:string>
          </KernelList>
          <ReconstructedEnergySpectra i:nil="true" />
        </ReconRepresentation>
        <ReconRepresentation i:type="CTReconRepresentation">
          <CompoundReconType>IMultiOrientation2ReconCompound</CompoundReconType>
          <ExtensionData>
            <a:KeyValueOfstringanyType>
              <a:Key>CT.Exam.Recon.Ext.AppCommon.PacsReadyReconRepresentationCreatorExtension</a:Key>
              <a:Value i:type="y:string">noPacsReadyReconTypeId F349C8D9-59C4-433E-8EEC-A4EA12F890DC</a:Value>
            </a:KeyValueOfstringanyType>
          </ExtensionData>
          <IsAutoReconstruction>false</IsAutoReconstruction>
          <IsUserRecon>true</IsUserRecon>
          <ViewingCenter>200</ViewingCenter>
          <ViewingCenterList>
            <a:int>200</a:int>
            <a:int>200</a:int>
          </ViewingCenterList>
          <ViewingWidth>700</ViewingWidth>
          <ImageOrientationList xmlns:d6p1="http://schemas.datacontract.org/2004/07/H.Common.DataTypes.Contract.Medical">
            <d6p1:ImageOrientation>Sagittal</d6p1:ImageOrientation>
            <d6p1:ImageOrientation>Coronal</d6p1:ImageOrientation>
          </ImageOrientationList>
          <IsDirectDE>false</IsDirectDE>
          <IsFixAxial>false</IsFixAxial>
          <IsOnlineRecon>false</IsOnlineRecon>
          <KernelList>
            <a:string>Hr56</a:string>
            <a:string>Hr56</a:string>
          </KernelList>
          <ReconstructedEnergySpectra i:nil="true" />
        </ReconRepresentation>
      </ReconRepresentations>
      <ScanName>Fas4</ScanName>
      <OrganCharacteristics>Thorax</OrganCharacteristics>
      <PatientPosition>FaceDownHeadFirst</PatientPosition>
    </ScanRepresentation>
  </ScanRepresentations>
  <TechnicalInformation>-Scan Modes: RoutineFlashSpiralAdultThoraxHighresultraQuantum
</TechnicalInformation>
</ProtocolRepresentation>