﻿<?xml version="1.0" encoding="utf-8"?>
<VirtualFolderCollection xmlns:a="http://schemas.microsoft.com/2003/10/Serialization/Arrays" xmlns:cm="http://healthcare.siemens.com/Somaris/Common" xmlns:dm="http://healthcare.siemens.com/Somaris/Domain" xmlns:ec="http://healthcare.siemens.com/Somaris/ExamCommon" xmlns:ex="http://healthcare.siemens.com/Somaris/Exam" xmlns:si="http://healthcare.siemens.com/Somaris/SystemInterface" xmlns:sv="http://healthcare.siemens.com/Somaris/Serv" xmlns:u="http://healthcare.siemens.com/Somaris/Undefined" xmlns:y="http://www.w3.org/2001/XMLSchema" xmlns:i="http://www.w3.org/2001/XMLSchema-instance" xmlns="http://healthcare.siemens.com/Somaris/AppCommon" xmlns:xsi="http://www.w3.org/2001/XMLSchema-instance">
  <Version>10.0.103.0</Version>
  <CollectionOrder>0</CollectionOrder>
  <VirtualFolderRepresentations>
    <BasicVirtualFolderRepresentation>
      <FolderName>CT</FolderName>
      <ProtocolBlockOrder>0</ProtocolBlockOrder>
      <ProtocolIdentifiers>
        <ProtocolIdentifier>
          <Value>1BE41B03-E3CD-41EA-ACE6-0489C4850E0F</Value>
        </ProtocolIdentifier>
      </ProtocolIdentifiers>
    </BasicVirtualFolderRepresentation>
  </VirtualFolderRepresentations>
</VirtualFolderCollection>